query	pmid	year	journal	title
Q1_starvation_models	42825852	2026	Brain Imaging Behav	Brainstem volume and arterial stiffness interact to support memory in midlife.
Q1_starvation_models	42810980	2026	Physiol Rep	Does a low-carb, high-fat diet change muscle insulin receptor concentration and body composition in a swine biomedical model?
Q1_starvation_models	42236386	2026	HPB (Oxford)	How much pancreas is too much?: optimal pancreas resection volume to prevent diabetes mellitus after left-sided pancreatectomy.
Q1_starvation_models	41886367	2026	Am J Physiol Regul Integr Comp Physiol	Hyperphagia and hepatic lipid storage in ducks: an exploratory experimental model.
Q1_starvation_models	41871597	2026	Am J Perinatol	Pancreas Size and Fat Content Increase during Pregnancy and Correlate with Glycemic Control.
Q1_starvation_models	41805754	2026	PLoS One	Examining the role of systemic inflammation as a mediator of the glycaemia-brain volume associations in women.
Q1_starvation_models	41730171	2026	Anesthesiology	Multiplanar Ultrasonographic Assessment of Gastric Volume: A Prospective Observational Study.
Q1_starvation_models	41352231	2026	Eur J Radiol	Personalized adrenal gland volume reference ranges and development of a fully automated deep learning screening tool.
Q1_starvation_models	41006887	2026	Pediatr Res	Downregulation of insulin receptor isoform A in the forebrain of fetal growth-restricted rats.
Q1_starvation_models	40830369	2025	Sci Rep	Effect of caloric restriction on organ size and its contribution to metabolic adaptation: an ancillary analysis of CALERIE 2.
Q1_starvation_models	40684491	2025	Phytomedicine	Herbal mixture of Platycodon grandiflorum, Cinnamomum cassia, and Asiasarum sieboldii extracts protects against NASH progression via regulation of hepatic steatosis, inflammation, and apoptosis.
Q1_starvation_models	40537446	2025	J Biol Rhythms	Chronic Phase Shifts Are Associated With Higher Systolic Blood Pressure and Impaired Glucose Tolerance Independently of Estrogen Deficiency in Female Spontaneously Hypertensive Rats.
Q1_starvation_models	40159791	2025	J Anim Sci	Impact of initial postweaning feed intake on weanling piglet metabolism, gut health, and immunity.
Q1_starvation_models	39245394	2024	Biochem Pharmacol	Roxadustat alleviates metabolic traits in letrozole-induced PCOS mice.
Q1_starvation_models	38995944	2024	J Bone Miner Res	Calorie restriction in mice impairs cortical but not trabecular peak bone mass by suppressing bone remodeling.
Q1_starvation_models	38578949	2024	Endocrinology	Grb7 Ablation in Mice Improved Glycemic Control, Enhanced Insulin Signaling, and Increased Abdominal fat Mass in Females.
Q1_starvation_models	38027751	2023	Heliyon	Modulatory effects of extract of Heinsia crinita against fructose/streptozotocin-induced oxidative stress in diabetic rat models.
Q1_starvation_models	37831173	2023	J Comp Physiol B	Prenatal caloric restriction adjusts the energy homeostasis and behavior in response to acute and chronic variations in food availability in adulthood.
Q1_starvation_models	37753583	2023	Am J Physiol Gastrointest Liver Physiol	Altered hepatic and intestinal homeostasis in a neonatal murine model of short-term total parenteral nutrition and antibiotics.
Q1_starvation_models	36466423	2022	Front Nutr	Long-term fasting: Multi-system adaptations in humans (GENESIS) study-A single-arm interventional trial.
Q1_starvation_models	35358549	2022	Physiol Behav	Associations between high-metabolic rate organ masses and fasting hunger: A study using whole-body magnetic resonance imaging in healthy males.
Q1_starvation_models	35116127	2022	Nutr Res Pract	The protective effects of Aster yomena (Kitam.) Honda on high-fat diet-induced obese C57BL/6J mice.
Q1_starvation_models	35100325	2022	PLoS One	d-allulose protects against diabetic nephropathy progression in Otsuka Long-Evans Tokushima Fatty rats with type 2 diabetes.
Q1_starvation_models	35011585	2021	Cells	Cynanchum atratum Alleviates Non-Alcoholic Fatty Liver by Balancing Lipogenesis and Fatty Acid Oxidation in a High-Fat, High-Fructose Diet Mice Model.
Q1_starvation_models	34950791	2021	Heliyon	Antidiabetic activity and acute toxicity of combined extract of Andrographis paniculata, Syzygium cumini, and Caesalpinia sappan.
Q1_starvation_models	34445036	2021	Nutrients	Is the Activity-Based Anorexia Model a Reliable Method of Presenting Peripheral Clinical Features of Anorexia Nervosa?
Q1_starvation_models	34439921	2021	Biomolecules	Degraded Sericin Significantly Regulates Blood Glucose Levels and Improves Impaired Liver Function in T2D Rats by Reducing Oxidative Stress.
Q1_starvation_models	34407415	2021	Cell Rep	Sex- and age-dependent outcomes of 9-hour time-restricted feeding of a Western high-fat high-sucrose diet in C57BL/6J mice.
Q1_starvation_models	34370682	2021	J Endocrinol	Nicotinamide riboside has minimal impact on energy metabolism in mouse models of mild obesity.
Q1_starvation_models	33671428	2021	Molecules	Viburnum stellato-tomentosum Extract Suppresses Obesity and Hyperglycemia through Regulation of Lipid Metabolism in High-Fat Diet-Fed Mice.
Q1_starvation_models	33558985	2021	Diabetologia	Biphasic dynamics of beta cell mass in a mouse model of congenital hyperinsulinism: implications for type 2 diabetes.
Q1_starvation_models	33524143	2021	J Clin Endocrinol Metab	The Association of Lactation Duration with Visceral and Pericardial Fat Volumes in Parous Women: The CARDIA Study.
Q1_starvation_models	33513126	2021	Eur J Endocrinol	Serum insulin is associated with right ventricle function parameters and lung volumes in subjects free of cardiovascular disease.
Q1_starvation_models	33504546	2021	Clin J Am Soc Nephrol	Use of the Urine-to-Plasma Urea Ratio to Predict ADPKD Progression.
Q1_starvation_models	33336107	2020	IBRO Rep	Neurodegeneration-related beta-amyloid as autocatabolism-attenuator in a micro-in vivo system.
Q1_starvation_models	33167459	2020	Nutrients	Whey Versus Casein as a Protein Source during the Weaning Period: Impact on Growth and Later Adiposity and Glucose Homeostasis in a Rat Model of Intrauterine Growth Restriction.
Q1_starvation_models	33035629	2020	Food Chem Toxicol	Curcumin anti-diabetic effect mainly correlates with its anti-apoptotic actions and PI3K/Akt signal pathway regulation in the liver.
Q1_starvation_models	32973311	2020	Sci Rep	1-Kestose supplementation mitigates the progressive deterioration of glucose metabolism in type 2 diabetes OLETF rats.
Q1_starvation_models	32363320	2020	Hepatol Commun	Validation of PAS Kinase, a Regulator of Hepatic Fatty Acid and Triglyceride Synthesis, as a Therapeutic Target for Nonalcoholic Steatohepatitis.
Q1_starvation_models	32238706	2020	Biol Pharm Bull	Induced Prostanoid Synthesis Regulates the Balance between Th1- and Th2-Producing Inflammatory Cytokines in the Thymus of Diet-Restricted Mice.
Q1_starvation_models	32218297	2020	Molecules	Serjanic Acid Improves Immunometabolic Markers in a Diet-Induced Obesity Mouse Model.
Q1_starvation_models	31639326	2019	Arch Biochem Biophys	Food deprivation during active phase induces skeletal muscle atrophy via IGF-1 reduction in mice.
Q1_starvation_models	31548243	2019	Diabetes Care	Visit-to-Visit Fasting Glucose Variability in Young Adulthood and Hippocampal Integrity and Volume at Midlife.
Q1_starvation_models	31511709	2019	J Pak Med Assoc	Peroxisome proliferator activated receptor gamma 34C>G variant and anthropometric parameters in metabolic syndrome.
Q1_starvation_models	31474716	2019	Biol Pharm Bull	Diurnal Variation of Sitagliptin-Induced Pharmacological Effects in C57BL/6J Mice.
Q1_starvation_models	31369832	2019	J Ethnopharmacol	The freeze-dried extracts of Rotheca myricoides (Hochst.) Steane & Mabb possess hypoglycemic, hypolipidemic and hypoinsulinemic on type 2 diabetes rat model.
Q1_starvation_models	31353646	2019	J Food Biochem	Purified ingredient-based high-fat diet is superior to chow-based equivalent in the induction of metabolic syndrome.
Q1_starvation_models	31179344	2019	J Diabetes Res	The Adverse Effects of Thyrotropin Absence on Pancreatic β Cell Function in Mice.
Q1_starvation_models	31087539	2019	Physiol Rep	Impaired SIRT1 activity leads to diminution in glomerular endowment without accelerating age-associated GFR decline.
Q1_starvation_models	31019152	2019	Endocr J	Relationships between computed tomography-assessed density, abdominal fat volume, and glucose metabolism after sleeve gastrectomy in Japanese patients with obesity.
Q1_starvation_models	31017036	2019	J Am Heart Assoc	Metabolomics Profiling of Visceral Adipose Tissue: Results From MESA and the NEO Study.
Q1_starvation_models	30878493	2019	Metabolism	Systemic PPARγ deletion in mice provokes lipoatrophy, organomegaly, severe type 2 diabetes and metabolic inflexibility.
Q1_starvation_models	30674592	2019	Neurology	Type 2 diabetes mellitus, brain atrophy, and cognitive decline.
Q1_starvation_models	30666920	2019	Endocr Metab Immune Disord Drug Targets	25 Hydroxyvitamin D Levels are Negatively and Independently Associated with Fat Mass in a Cohort of Healthy Overweight and Obese Subjects.
Q1_starvation_models	30511639	2018	Elife	Endothelial-specific FoxO1 depletion prevents obesity-related disorders by increasing vascular metabolism and growth.
Q1_starvation_models	30207351	2018	Food Funct	Influence of extruded lentil containing high chromium nutritional yeast on the main physiological factors associated with metabolic syndrome in rodent models.
Q1_starvation_models	29859467	2018	Biomed Pharmacother	Qing Gan Zi Shen Tang alleviates adipose tissue dysfunction with up-regulation of SIRT1 in spontaneously hypertensive rat.
Q1_starvation_models	29804855	2018	J Surg Res	Diabetes after pancreaticoduodenectomy: can we predict it?
Q1_starvation_models	29782931	2018	J Theor Biol	Optimal gut size of small birds and its dependence on environmental and physiological parameters.
Q1_starvation_models	29678421	2018	Mol Metab	Growth hormone receptor-deficient pigs resemble the pathophysiology of human Laron syndrome and reveal altered activation of signaling cascades in the liver.
Q1_starvation_models	29674209	2018	Steroids	Possible mechanisms underlying fatty liver in a rat model of male hypogonadism: A protective role for testosterone.
Q1_starvation_models	29663711	2018	J Cachexia Sarcopenia Muscle	Dilution of oral D(3) -Creatine to measure creatine pool size and estimate skeletal muscle mass: development of a correction algorithm.
Q1_starvation_models	29650237	2018	Am J Cardiol	Relation Between Wrist Circumference and Left Ventricular Structure in Overweight Children.
Q1_starvation_models	29517190	2018	Rocz Panstw Zakl Hig	Effect of caloric restriction on liver function in young and old ApoE/LDLr-/- mice.
Q1_starvation_models	29351419	2018	Am J Physiol Regul Integr Comp Physiol	Maternal nutrient restriction in guinea pigs as an animal model for studying growth-restricted offspring with postnatal catch-up growth.
Q1_starvation_models	29286100	2018	Mol Med Rep	Effects of icariside II ameliorates diabetic cardiomyopathy in streptozotocin-induced diabetic rats by activating Akt/NOS/NF-κB signaling.
Q1_starvation_models	28895582	2017	Am J Gastroenterol	Gastric Motor Dysfunction in Patients With Functional Gastroduodenal Symptoms.
Q1_starvation_models	28857792	2018	J Hypertens	Change in visceral adiposity is an independent predictor of future arterial pulse pressure.
Q1_starvation_models	28855439	2017	J Reprod Dev	Intrauterine growth retardation promotes fetal intestinal autophagy in rats via the mechanistic target of rapamycin pathway.
Q1_starvation_models	28719078	2018	Diabetes Obes Metab	Luseogliflozin improves liver fat deposition compared to metformin in type 2 diabetes patients with non-alcoholic fatty liver disease: A prospective randomized controlled pilot study.
Q1_starvation_models	28684967	2017	Evid Based Complement Alternat Med	Cyclocarya paliurus (Batal.) Ijinskaja Aqueous Extract (CPAE) Ameliorates Obesity by Improving Insulin Signaling in the Hypothalamus of a Metabolic Syndrome Rat Model.
Q1_starvation_models	28490763	2017	Sci Rep	Methylglyoxal-induced glycation changes adipose tissue vascular architecture, flow and expansion, leading to insulin resistance.
Q1_starvation_models	28408435	2017	Diabetes	Neurturin and a GLP-1 Analogue Act Synergistically to Alleviate Diabetes in Zucker Diabetic Fatty Rats.
Q1_starvation_models	28363114	2017	Arch Oral Biol	Mechanical mandible competence in rats with nutritional growth retardation.
Q1_starvation_models	28321030	2017	Endocr J	Pancreas volume reduction and metabolic effects in Japanese patients with severe obesity following laparoscopic sleeve gastrectomy.
Q1_starvation_models	28224418	2017	J Huazhong Univ Sci Technolog Med Sci	Dietary restriction reduces blood lipids and ameliorates liver function of mice with hyperlipidemia.
Q1_starvation_models	28193912	2017	Oncotarget	The effects of graded levels of calorie restriction: VIII. Impact of short term calorie and protein restriction on basal metabolic rate in the C57BL/6 mouse.
Q1_starvation_models	28137427	2017	Physiol Behav	Hypercaloric diet prevents sexual impairment induced by maternal food restriction.
Q1_starvation_models	28134848	2017	Int J Mol Sci	Insulin Production and Resistance in Different Models of Diet-Induced Obesity and Metabolic Syndrome.
Q1_starvation_models	28039490	2016	Aging (Albany NY)	Impaired fasting blood glucose is associated to cognitive impairment and cerebral atrophy in middle-aged non-human primates.
Q1_starvation_models	28001453	2017	J Clin Endocrinol Metab	Insulin Resistance Is Associated With Smaller Cortical Bone Size in Nondiabetic Men at the Age of Peak Bone Mass.
Q1_starvation_models	27983979	2016	Biochem Biophys Res Commun	Ibandronate concomitantly blocks immobilization-induced bone and muscle atrophy.
Q1_starvation_models	27812119	2016	PLoS One	Daesiho-Tang Is an Effective Herbal Formulation in Attenuation of Obesity in Mice through Alteration of Gene Expression and Modulation of Intestinal Microbiota.
Q1_starvation_models	27805541	2016	Br J Nutr	Inulin oligofructose attenuates metabolic syndrome in high-carbohydrate, high-fat diet-fed rats.
Q1_starvation_models	27724997	2016	Br J Nutr	Rice endosperm protein slows progression of fatty liver and diabetic nephropathy in Zucker diabetic fatty rats.
Q1_starvation_models	27757271	2016	J Intercult Ethnopharmacol	Comparative evaluation of anti-obesity effect of Aloe vera and Gymnema sylvestre supplementation in high-fat diet fed C57BL/6J mice.
Q1_starvation_models	27515803	2016	Endocrine	Comparison of pulsatile vs. continuous administration of human placental growth hormone in female C57BL/6J mice.
Q1_starvation_models	27543473	2016	Indian Heart J	The relationship between left ventricular mass and insulin resistance in obese patients.
Q1_starvation_models	27538786	2016	Food Funct	Hypolipidemic and cardioprotective benefits of a novel fireberry hawthorn fruit extract in the JCR:LA-cp rodent model of dyslipidemia and cardiac dysfunction.
Q1_starvation_models	27526033	2016	Endocrinology	Aldosterone Synthase Inhibition Improves Glucose Tolerance in Zucker Diabetic Fatty (ZDF) Rats.
Q1_starvation_models	27511061	2016	Hum Brain Mapp	Impact of leptin on memory function and hippocampal structure in mild cognitive impairment.
Q1_starvation_models	27507595	2016	Mol Cell Endocrinol	The interaction of fasting, caloric restriction, and diet-induced obesity with 17β-estradiol on the expression of KNDy neuropeptides and their receptors in the female mouse.
Q1_starvation_models	27402560	2016	J Appl Physiol (1985)	Intermuscular adipose tissue and thigh muscle area dynamics during an 18-month randomized weight loss trial.
Q1_starvation_models	27401522	2016	Brain	Prenatal famine exposure has sex-specific effects on brain size.
Q1_starvation_models	27375180	2016	Endocr J	CCL2 level is elevated with metabolic syndrome and CXCL10 level is correlated with visceral fat area in obese children.
Q1_starvation_models	27239420	2016	J Cachexia Sarcopenia Muscle	Docosahexaenoic acid-supplementation prior to fasting prevents muscle atrophy in mice.
Q1_starvation_models	27211479	2017	Atherosclerosis	Decreased muscle mass in Korean subjects with intracranial arterial stenosis: The Kangbuk Samsung Health Study.
Q1_starvation_models	27067922	2016	Arab J Gastroenterol	Effects of transcutaneous electrical stimulation of lower limb muscles on experimental fatty liver.
Q1_starvation_models	26930180	2016	J Clin Endocrinol Metab	Association of Muscle Mass, Area, and Strength With Incident Diabetes in Older Adults: The Health ABC Study.
Q1_starvation_models	26875793	2016	Exp Gerontol	Omega-3 fatty acids partially revert the metabolic gene expression profile induced by long-term calorie restriction.
Q1_starvation_models	26845728	2016	J Complement Integr Med	Preventive effect of curcumin on inflammation, oxidative stress and insulin resistance in high-fat fed obese rats.
Q1_starvation_models	26815786	2016	Metab Brain Dis	Alterations in white matter volume and integrity in obesity and type 2 diabetes.
Q1_starvation_models	26780265	2016	Life Sci	Garlic oil inhibits dextran sodium sulfate-induced ulcerative colitis in rats.
Q1_starvation_models	26745861	2016	Pancreas	Preoperative Computerized Tomography and Magnetic Resonance Imaging of the Pancreas Predicts Pancreatic Mass and Functional Outcomes After Total Pancreatectomy and Islet Autotransplant.
Q1_starvation_models	26670485	2016	Am J Physiol Endocrinol Metab	CTRP3 deficiency reduces liver size and alters IL-6 and TGFβ levels in obese mice.
Q1_starvation_models	26665149	2015	Biomed Res Int	The Chinese Herb Jianpijiedu Contributes to the Regulation of OATP1B2 and ABCC2 in a Rat Model of Orthotopic Transplantation Liver Cancer Pretreated with Food Restriction and Diarrhea.
Q1_starvation_models	26597746	2015	Pregnancy Hypertens	Dietary fructose in pregnancy induces hyperglycemia, hypertension, and pathologic kidney and liver changes in a rodent model.
Q1_starvation_models	26549273	2015	J Ethnopharmacol	Protection of testis through antioxidant action of Mallotus roxburghianus in alloxan-induced diabetic rat model.
Q1_starvation_models	26511476	2016	Calcif Tissue Int	The Preventive Effect of Calcium Supplementation on Weak Bones Caused by the Interaction of Exercise and Food Restriction in Young Female Rats During the Period from Acquiring Bone Mass to Maintaining Bone Mass.
Q1_starvation_models	26496990	2016	J Appl Genet	Quantitative trait loci with sex-specific effects for internal organs weights and hematocrit value in a broiler-layer cross.
Q1_starvation_models	26342049	2016	Reprod Sci	Maternal Nutrient Restriction in Guinea Pigs as an Animal Model for Inducing Fetal Growth Restriction.
Q1_starvation_models	26302923	2015	J Trace Elem Med Biol	Ameliorative effect of vanadyl(IV)-ascorbate complex on high-fat high-sucrose diet-induced hyperglycemia, insulin resistance, and oxidative stress in mice.
Q1_starvation_models	26246504	2015	Am J Physiol Regul Integr Comp Physiol	Reduced placental amino acid transport in response to maternal nutrient restriction in the baboon.
Q1_starvation_models	26102316	2016	Cell Transplant	Islet Volume and Indexes of β-Cell Function in Humans.
Q1_starvation_models	26063668	2015	Hypertension	Change in Intra-Abdominal Fat Predicts the Risk of Hypertension in Japanese Americans.
Q1_starvation_models	26061332	2015	Medicine (Baltimore)	Serum Triglyceride Levels Independently Contribute to the Estimation of Visceral Fat Amount Among Nondiabetic Obese Adults.
Q1_starvation_models	26001619	2016	Clin Nutr	Impact of qualitative and quantitative variations in nitrogen supply on catch-up growth in food-deprived-refed young rats.
Q1_starvation_models	25943649	2016	Eur J Nutr	Fasting for 3 days during the suckling-weaning transient period in male rats induces metabolic abnormalities in the liver and is associated with impaired glucose tolerance in adulthood.
Q1_starvation_models	25943026	2015	Naunyn Schmiedebergs Arch Pharmacol	Reno-protection of G004, a novel anti-diabetic sulfonylurea in db/db mice.
Q1_starvation_models	25878378	2015	Indian J Pharmacol	Comparison of the efficacy of liraglutide with pioglitazone on dexamethasone induced hepatic steatosis, dyslipidemia and hyperglycaemia in albino rats.
Q1_starvation_models	25833252	2014	Islets	Islet adaptation to obesity and insulin resistance in WNIN/GR-Ob rats.
Q1_starvation_models	25793884	2015	PLoS One	Red cell distribution width and inappropriateness of left ventricular mass in patients with untreated essential hypertension.
Q1_starvation_models	25793770	2015	PLoS One	Achieving body weight adjustments for feeding status and pregnant or non-pregnant condition in beef cows.
Q1_starvation_models	25711527	2015	Animal	Physiological status of broiler chicks at pulling time and the relationship to duration of holding period.
Q1_starvation_models	25624068	2015	Psychiatry Res	Larger hippocampus size in women with anorexia nervosa who exercise excessively than healthy women.
Q1_starvation_models	25404123	2014	Drugs R D	In vivo efficacy study of milk thistle extract (ETHIS-094™) in STAM™ model of nonalcoholic steatohepatitis.
Q1_starvation_models	25308000	2015	Mamm Genome	Generation of mice lacking DUF1220 protein domains: effects on fecundity and hyperactivity.
Q1_starvation_models	25251402	2014	PLoS One	Relationship of adipocyte size with adiposity and metabolic risk factors in Asian Indians.
Q1_starvation_models	25196549	2015	J Theor Biol	Model of adipose tissue cellularity dynamics during food restriction.
Q1_starvation_models	25191613	2014	J Nutr Sci	Anti-diabetic effects of palm fruit juice in the Nile rat (Arvicanthis niloticus).
Q1_starvation_models	25143786	2014	Diabetol Metab Syndr	CNX-013-B2, a unique pan tissue acting rexinoid, modulates several nuclear receptors and controls multiple risk factors of the metabolic syndrome without risk of hypertriglyceridemia, hepatomegaly and body weight gain in animal models.
Q1_starvation_models	24991873	2014	J Hypertens	Aortic root diameter and risk of cardiovascular events in a general population: data from the PAMELA study.
Q1_starvation_models	24983383	2014	Horm Metab Res	Loss of ovarian estrogens causes only mild deterioration of glucose homeostasis in female ZDF rats preventable by voluntary running exercise.
Q1_starvation_models	24965976	2014	Eur J Obstet Gynecol Reprod Biol	The combination of ovarian volume and outline has better diagnostic accuracy than prostate-specific antigen (PSA) concentrations in women with polycystic ovarian syndrome (PCOs).
Q1_starvation_models	24948058	2014	Pharmacol Rep	Development of an alternative non-obese non-genetic rat model of type 2 diabetes using caffeine and streptozotocin.
Q1_starvation_models	24939417	2014	J Psychiatr Res	Longitudinal examination of decision-making performance in anorexia nervosa: before and after weight restoration.
Q1_starvation_models	24862628	2014	Urol Int	Impact of metabolic syndrome on benign prostatic hyperplasia in elderly Chinese men.
Q1_starvation_models	24840113	2014	Phytother Res	Anti-diabetic properties of rice-based herbal porridges in diabetic Wistar rats.
Q1_starvation_models	24834819	2014	Environ Res	In utero exposure to perfluorooctanoate (PFOA) or perfluorooctane sulfonate (PFOS) did not increase body weight or intestinal tumorigenesis in multiple intestinal neoplasia (Min/+) mice.
Q1_starvation_models	24779562	2014	Radiology	Effect of diabetes on brain structure: the action to control cardiovascular risk in diabetes MR imaging baseline data.
Q1_starvation_models	24767391	2014	Transplant Proc	Three-dimensional computed tomographic volumetric changes in pancreas before and after living donor surgery for pancreas transplantation: effect of volume on glucose metabolism.
Q1_starvation_models	24735819	2014	Neuroscience	Insulin resistance and gray matter volume in neurodegenerative disease.
Q1_starvation_models	24661493	2015	J Anim Physiol Anim Nutr (Berl)	Dietary effects of Moringa oleifera leaf powder on growth, gastrointestinal morphometry and blood and liver metabolites in Sprague Dawley rats.
Q1_starvation_models	24631026	2014	Am J Pathol	Islet inflammation, hemosiderosis, and fibrosis in intrauterine growth-restricted and high fat-fed Sprague-Dawley rats.
Q1_starvation_models	24528940	2014	Br J Nutr	Prenatal programming in an obese swine model: sex-related effects of maternal energy restriction on morphology, metabolism and hypothalamic gene expression.
Q1_starvation_models	24520334	2014	PLoS One	Oriental medicine Kyung-Ok-Ko prevents and alleviates dehydroepiandrosterone-induced polycystic ovarian syndrome in rats.
Q1_starvation_models	24516548	2014	PLoS One	Maternal factors associated with fetal growth and birthweight are independent determinants of placental weight and exhibit differential effects by fetal sex.
Q1_starvation_models	24443348	2014	Exp Physiol	Maintaining skeletal muscle mass: lessons learned from hibernation.
Q1_starvation_models	24423302	2014	J Clin Endocrinol Metab	Association between insulin resistance and bone mass in men.
Q1_starvation_models	24373196	2013	BMC Complement Altern Med	Xiaochaihu Decoction attenuates the vicious circle between the oxidative stress and the ALP inactivation through LPS-catecholamines interactions in gut, liver and brain during CCI4+ethanol-induced mouse HCC.
Q1_starvation_models	24333365	2014	J Ethnopharmacol	Analysis of the restorative effect of Bu-zhong-yi-qi-tang in the spleen-qi deficiency rat model using (1)H-NMR-based metabonomics.
Q1_starvation_models	24236159	2013	PLoS One	Lifelong obesity in a polygenic mouse model prevents age- and diet-induced glucose intolerance- obesity is no road to late-onset diabetes in mice.
Q1_starvation_models	24200792	2013	Biosci Biotechnol Biochem	Fucosylated chondroitin sulfate from sea cucumber in combination with rosiglitazone improved glucose metabolism in the liver of the insulin-resistant mice.
Q1_starvation_models	24145238	2013	Lab Invest	A novel mouse model of nonalcoholic steatohepatitis with significant insulin resistance.
Q1_starvation_models	24119413	2013	BMC Complement Altern Med	Camel milk ameliorates steatohepatitis, insulin resistance and lipid peroxidation in experimental non-alcoholic fatty liver disease.
Q1_starvation_models	24070602	2013	J Nutr Biochem	Dietary carbohydrate dictates development of Type 2 diabetes in the Nile rat.
Q1_starvation_models	23982154	2013	Am J Physiol Endocrinol Metab	Impaired glucose tolerance in rats fed low-carbohydrate, high-fat diets.
Q1_starvation_models	23828595	2013	Exp Biol Med (Maywood)	Calorie restriction delays the progression of lesions to pancreatic cancer in the LSL-KrasG12D; Pdx-1/Cre mouse model of pancreatic cancer.
Q1_starvation_models	23754536	2013	Mol Med Rep	Oxymatrine ameliorates non-alcoholic fatty liver disease in rats through peroxisome proliferator-activated receptor-α activation.
Q1_starvation_models	23745443	2013	Rev Invest Clin	[Operational mechanism modification of bone mechanostat in an animal model of nutritional stress: effect of propranolol].
Q1_starvation_models	23737564	2013	J Exp Biol	Long-day photoperiod interacts with vasopressin and food restriction to modulate reproductive status and vasopressin receptor expression of male golden spiny mice.
Q1_starvation_models	23712415	2013	J Sci Food Agric	Short-term and long-term effects of excessive consumption of saturated fats and/or sucrose on metabolic variables in Sprague Dawley rats: a pilot study.
Q1_starvation_models	23575256	2013	Circ Heart Fail	Insulin resistance and risk of incident heart failure: Cardiovascular Health Study.
Q1_starvation_models	23548685	2013	Physiol Genomics	Frogs and estivation: transcriptional insights into metabolism and cell survival in a natural model of extended muscle disuse.
Q1_starvation_models	23538842	2013	Int J Mol Sci	Effect of Opuntia humifusa supplementation and acute exercise on insulin sensitivity and associations with PPAR-γ and PGC-1α protein expression in skeletal muscle of rats.
Q1_starvation_models	23527250	2013	PLoS One	AMP activated protein kinase is indispensable for myocardial adaptation to caloric restriction in mice.
Q1_starvation_models	23516440	2013	PLoS One	A pilot study of telmisartan for visceral adiposity in HIV infection: the metabolic abnormalities, telmisartan, and HIV infection (MATH) trial.
Q1_starvation_models	23460863	2013	PLoS One	Newborn body fat: associations with maternal metabolic state and placental size.
Q1_starvation_models	23425529	2013	Lipids Health Dis	Research of influence and mechanism of combining exercise with diet control on a model of lipid metabolism rat induced by high fat diet.
Q1_starvation_models	23401753	2013	J Obes	Altered hepatic lipid metabolism contributes to nonalcoholic fatty liver disease in leptin-deficient Ob/Ob mice.
Q1_starvation_models	23343490	2013	Am J Geriatr Psychiatry	Associations between elevated homocysteine, cognitive impairment, and reduced white matter volume in healthy old adults.
Q1_starvation_models	23329372	2013	Plant Mol Biol	Sugar starvation- and GA-inducible calcium-dependent protein kinase 1 feedback regulates GA biosynthesis and activates a 14-3-3 protein to confer drought tolerance in rice seedlings.
Q1_starvation_models	23229409	2013	Eur J Nutr	Consumption of a high β-glucan barley flour improves glucose control and fatty liver and increases muscle acylcarnitines in the Zucker diabetic fatty rat.
Q1_starvation_models	23196710	2013	Mol Biol Rep	Renoprotective effects of berberine and its possible molecular mechanisms in combination of high-fat diet and low-dose streptozotocin-induced diabetic rats.
Q1_starvation_models	23163898	2013	Diabetes Obes Metab	No evidence of drug-induced pancreatitis in rats treated with exenatide for 13 weeks.
Q1_starvation_models	23144896	2012	PLoS One	Role of PKC and CaV1.2 in detrusor overactivity in a model of obesity associated with insulin resistance in mice.
Q1_starvation_models	23088610	2012	BMC Complement Altern Med	Acute toxicity and the 28-day repeated dose study of a Siddha medicine Nuna Kadugu in rats.
Q1_starvation_models	23048158	2013	J Anim Sci	Liver protein expression in young pigs in response to a high-fat diet and diet restriction.
Q1_starvation_models	22946113	2012	Neurology	Higher normal fasting plasma glucose is associated with hippocampal atrophy: The PATH Study.
Q1_starvation_models	22723995	2012	PLoS One	Fetal growth versus birthweight: the role of placenta versus other determinants.
Q1_starvation_models	22717016	2013	Br J Nutr	Effects of heat-inactivated Lactobacillus gasseri TMC0356 on metabolic characteristics and immunity of rats with the metabolic syndrome.
Q1_starvation_models	22670476	2012	Indian J Exp Biol	Progression of early phase diabetic nephropathy in streptozotocin-induced diabetic rats: evaluation of various kidney-related parameters.
Q1_starvation_models	22561158	2012	J Ethnopharmacol	Salacia oblonga ameliorates hypertriglyceridemia and excessive ectopic fat accumulation in laying hens.
Q1_starvation_models	22513985	2012	J Nutr	Restriction of dietary energy intake has a greater impact on bone integrity than does restriction of calcium in exercising female rats.
Q1_starvation_models	22503990	2012	J Gerontol A Biol Sci Med Sci	The influence of dietary lipid composition on skeletal muscle mitochondria from mice following 1 month of calorie restriction.
Q1_starvation_models	22406134	2012	Exp Gerontol	Calorie restriction in mice overexpressing UCP3: evidence that prior mitochondrial uncoupling alters response.
Q1_starvation_models	22405025	2012	Metabolism	Association between hippocampal volume and serum adiponectin in patients with type 2 diabetes mellitus.
Q1_starvation_models	22210394	2012	Physiol Behav	Elucidation of thrifty features in adult rats exposed to protein restriction during gestation and lactation.
Q1_starvation_models	22118536	2011	BMB Rep	Both sitagliptin analogue & pioglitazone preserve the beta-cell proportion in the islets with different mechanism in non-obese and obese diabetic mice.
Q1_starvation_models	22052447	2012	Dig Dis Sci	Enhanced gastric ghrelin production and secretion in rats with gastric outlet obstruction.
Q1_starvation_models	22022381	2011	PLoS One	Postnatal pancreatic islet β cell function and insulin sensitivity at different stages of lifetime in rats born with intrauterine growth retardation.
Q1_starvation_models	21960489	2011	AJNR Am J Neuroradiol	Systematic differences between lean and obese adolescents in brain spin-lattice relaxation time: a quantitative study.
Q1_starvation_models	21949470	2011	J Korean Med Sci	Prostate size correlates with fasting blood glucose in non-diabetic benign prostatic hyperplasia patients with normal testosterone levels.
Q1_starvation_models	21869634	2011	J Strength Cond Res	The influence of resistance training on patients with metabolic syndrome--significance of changes in muscle fiber size and muscle fiber distribution.
Q1_starvation_models	21807131	2011	Bone	Different effects on bone strength and cell differentiation in pre pubertal caloric restriction versus hypothalamic suppression.
Q1_starvation_models	21756932	2011	Int J Biol Macromol	Hypoglycemic effects of MDG-1, a polysaccharide derived from Ophiopogon japonicas, in the ob/ob mouse model of type 2 diabetes mellitus.
Q1_starvation_models	21751282	2011	J Magn Reson Imaging	Gastric volume changes in response to a meal: validation of magnetic resonance imaging versus the barostat.
Q1_starvation_models	21723972	2012	Bone	Influence of pre- and peri-natal nutrition on skeletal acquisition and maintenance.
Q1_starvation_models	21538633	2011	NMR Biomed	Ursodeoxycholic acid treatment of hepatic steatosis: a (13)C NMR metabolic study.
Q1_starvation_models	21470342	2011	Neurogastroenterol Motil	Gastric motor disturbances in patients with idiopathic rapid gastric emptying.
Q1_starvation_models	21437730	2011	J Physiol Biochem	High-fat diet based on dried bovine brain: an effective animal model of dyslipidemia and insulin resistance.
Q1_starvation_models	21288612	2011	Clin Nutr	Effects of a whey protein supplementation on intrahepatocellular lipids in obese female patients.
Q1_starvation_models	21210894	2011	Neurogastroenterol Motil	Performance characteristics of the measurement of gastric volume using single photon emission computed tomography.
Q1_starvation_models	21167066	2010	BMC Genomics	Genetic and genomic analysis of hyperlipidemia, obesity and diabetes using (C57BL/6J × TALLYHO/JngJ) F2 mice.
Q1_starvation_models	21151924	2010	PLoS One	Reversal of obesity and insulin resistance by a non-peptidic glucagon-like peptide-1 receptor agonist in diet-induced obese mice.
Q1_starvation_models	21135130	2011	Mol Cell Biol	Insulin receptor substrates Irs1 and Irs2 coordinate skeletal muscle growth and metabolism via the Akt and AMPK pathways.
Q1_starvation_models	21080380	2011	Am J Hum Biol	The selfish brain: Competition for energy resources.
Q1_starvation_models	20873977	2011	J Matern Fetal Neonatal Med	The levels of Pdx1/insulin, Cacna1c and Cacna1d, and β-cell mass in a rat model of intrauterine undernutrition.
Q1_starvation_models	20798356	2010	Am J Physiol Gastrointest Liver Physiol	CCK-independent mTORC1 activation during dietary protein-induced exocrine pancreas growth.
Q1_starvation_models	20699128	2010	Bone	Genetic loci for bone architecture determined by three-dimensional CT in crosses with the diabetic GK rat.
Q1_starvation_models	20540819	2010	Br J Nutr	Developmental origins of cardiovascular risk in Jamaican children: the Vulnerable Windows Cohort study.
Q1_starvation_models	20534724	2010	Endocrinology	Cholecystokinin is up-regulated in obese mouse islets and expands beta-cell mass by increasing beta-cell survival.
Q1_starvation_models	20386087	2010	J Endocrinol Invest	Subepicardial adipose tissue thickness and its relation with anthropometric and clinical parameters in pubertal obese children.
Q1_starvation_models	20385157	2010	Physiol Behav	Repetitive orogastric gavage affects the phenotype of diet-induced obese mice.
Q1_starvation_models	20172035	2010	J Pharmacol Toxicol Methods	Metabolic and cardiac changes in high cholesterol-fructose-fed rats.
Q1_starvation_models	20091459	2010	Horm Metab Res	Increased lipolysis in adipose tissues is associated with elevation of systemic free fatty acids and insulin resistance in perilipin null mice.
Q1_starvation_models	20027231	2009	PLoS One	Neuropeptide Y knockout mice reveal a central role of NPY in the coordination of bone mass to body weight.
Q1_starvation_models	19903516	2010	Exp Gerontol	Skeletal muscle autophagy and apoptosis during aging: effects of calorie restriction and life-long exercise.
Q1_starvation_models	19875999	2010	Obesity (Silver Spring)	Pericardial fat volume correlates with inflammatory markers: the Framingham Heart Study.
Q1_starvation_models	19864121	2009	Prostaglandins Leukot Essent Fatty Acids	Improved n-3 fatty acid status does not modulate insulin resistance in fa/fa Zucker rats.
Q1_starvation_models	19851312	2010	Obesity (Silver Spring)	Breast volume is an independent predictor of visceral and ectopic fat in premenopausal women.
Q1_starvation_models	19822001	2009	Lipids Health Dis	A high oleic sunflower oil fatty acid esters of plant sterols mixed with dietary diacylglycerol reduces plasma insulin and body fat accumulation in Psammomys obesus.
Q1_starvation_models	19744380	2009	Rev Med Inst Mex Seguro Soc	[Visceral fat and metabolic manifestations in hypertensive men].
Q1_starvation_models	19735909	2009	Arch Oral Biol	Availability of saliva for the assessment of alterations in the autonomic nervous system caused by physical exercise training.
Q1_starvation_models	19662657	2010	Hum Brain Mapp	Brain structure and obesity.
Q1_starvation_models	19657073	2009	Exp Biol Med (Maywood)	Response to fasting in an unnaturally obese carnivore, the captive European polecat Mustela putorius.
Q1_starvation_models	19608931	2009	J Appl Physiol (1985)	Alterations of protein turnover underlying disuse atrophy in human skeletal muscle.
Q1_starvation_models	19595383	2009	Metabolism	Effect of adipose tissue on the sexual dimorphism in metabolic flexibility.
Q1_starvation_models	19591936	2009	Neurobiol Dis	Murine Glut-1 transporter haploinsufficiency: postnatal deceleration of brain weight and reactive astrocytosis.
Q1_starvation_models	19568764	2009	Eur J Appl Physiol	Lipid peroxidation and antioxidant status in rat: effect of food restriction and wheel running.
Q1_starvation_models	19549734	2009	Diabetes Care	Excessive loss of skeletal muscle mass in older adults with type 2 diabetes.
Q1_starvation_models	19535078	2009	Atherosclerosis	Urinary creatinine excretion, an indirect measure of muscle mass, is an independent predictor of cardiovascular disease and mortality in the general population.
Q1_starvation_models	19468705	2009	Diabetologia	Growth hormone improves body composition, fasting blood glucose, glucose tolerance and liver triacylglycerol in a mouse model of diet-induced obesity and type 2 diabetes.
Q1_starvation_models	19459728	2009	J Med Food	Antidiabetic effect of Korean traditional Baechu (Chinese cabbage) kimchi in a type 2 diabetes model of rats.
Q1_starvation_models	19373757	2009	Exp Clin Endocrinol Diabetes	Gallbladder motor function in patients with different thyroid hormone status.
Q1_starvation_models	19277603	2009	Diabetologia	Inhibition of the chemokine (C-C motif) ligand 2/chemokine (C-C motif) receptor 2 pathway attenuates hyperglycaemia and inflammation in a mouse model of hepatic steatosis and lipoatrophy.
Q1_starvation_models	19239028	2008	Yao Xue Xue Bao	[A preliminary study on the mechanism of impaired beta cell function in monosodium glutamate obese rat with insulin resistance].
Q1_starvation_models	19211686	2009	Am J Physiol Renal Physiol	Diabetic kidney lesions of GIPRdn transgenic mice: podocyte hypertrophy and thickening of the GBM precede glomerular hypertrophy and glomerulosclerosis.
Q1_starvation_models	19171149	2009	Horm Behav	Food availability during migratory stopover affects testis growth and reproductive behaviour in a migratory passerine.
Q1_starvation_models	19167831	2009	Psychoneuroendocrinology	A blunted cortisol awakening response and hippocampal atrophy in type 2 diabetes mellitus.
Q1_starvation_models	19103273	2009	J Ethnopharmacol	Astragalus membranaceus flavonoids (AMF) ameliorate chronic fatigue syndrome induced by food intake restriction plus forced swimming.
Q1_starvation_models	19059525	2009	Metabolism	Effect of ginsam, a vinegar extract from Panax ginseng, on body weight and glucose homeostasis in an obese insulin-resistant rat model.
Q1_starvation_models	19036563	2009	Nutrition	Effects of short-term mild calorie restriction diet and renutrition with ruminant milks on leptin levels and other metabolic parameters in mice.
Q1_starvation_models	19021803	2008	J Food Sci	Chinese cabbage (Brassica campestris L.) does not improve glucose tolerance, serum insulin, or blood lipid profiles in a rat model of type-2 diabetes.
Q1_starvation_models	19016490	2009	Prostate	Cross-sectional analysis of intermittent versus chronic caloric restriction in the TRAMP mouse.
Q1_starvation_models	18949679	2009	Horm Metab Res	Noninvasive monitoring of changes in pancreatic beta-cell mass by bioluminescent imaging in MIP-luc transgenic mice.
Q1_starvation_models	18716160	2008	J Nutr	Early undernutrition leads to long-lasting reductions in body weight and adiposity whereas increased intake increases cardiac fibrosis in male rats.
Q1_starvation_models	18710604	2009	Br J Nutr	Flaxseed oil prevents trans-10, cis-12-conjugated linoleic acid-induced insulin resistance in mice.
Q1_starvation_models	18694801	2008	Toxicology	Cell death and autophagy: cytokines, drugs, and nutritional factors.
Q1_starvation_models	18668490	2008	Phytother Res	Dietary red chilli (Capsicum frutescens L.) is insulinotropic rather than hypoglycemic in type 2 diabetes model of rats.
Q1_starvation_models	18575786	2008	Int J Mol Med	Perturbation of 11-eicosenoate metabolism in female diabetic rats.
Q1_starvation_models	18471816	2008	Horm Behav	Migratory stopover conditions affect the developmental state of male gonads in garden warblers (Sylvia borin).
Q1_starvation_models	18453752	2008	Cell Physiol Biochem	Increased beta-cell apoptosis and impaired insulin signaling pathway contributes to the onset of diabetes in OLETF rats.
Q1_starvation_models	18446527	2008	Scand J Clin Lab Invest	Regional fat mass by DXA: high leg fat mass attenuates the relative risk of insulin resistance and dyslipidaemia in obese but not in overweight postmenopausal women.
Q1_starvation_models	18440261	2008	Comp Biochem Physiol A Mol Integr Physiol	Gastrointestinal responses to feeding in a frequently feeding colubrid snake (Natrix maura).
Q1_starvation_models	18434026	2008	Neuroscience	Decreased memory for novel object recognition in chronically food-restricted mice is reversed by acute ghrelin administration.
Q1_starvation_models	18331607	2008	Clin Endocrinol (Oxf)	The effect of dipeptidyl peptidase-4 inhibition on gastric volume, satiation and enteroendocrine secretion in type 2 diabetes: a double-blind, placebo-controlled crossover study.
Q1_starvation_models	18325996	2008	Endocrinology	Adaptation to mild, intermittent stress delays development of hyperglycemia in the Zucker diabetic Fatty rat independent of food intake: role of habituation of the hypothalamic-pituitary-adrenal axis.
Q1_starvation_models	18242756	2008	Diabetes Res Clin Pract	Keishibukuryogan ameliorates glucose intolerance and hyperlipidemia in Otsuka Long-Evans Tokushima Fatty (OLETF) rats.
Q1_starvation_models	18196905	2008	Gynecol Obstet Invest	Oxidative stress in nonobese women with polycystic ovary syndrome: correlations with endocrine and screening parameters.
Q1_starvation_models	18079606	2007	J Nutr Sci Vitaminol (Tokyo)	Beneficial effect of 3% milled-rice on blood glucose level and serum lipid concentrations in spontaneously non-insulin-dependent diabetic rats.
Q1_starvation_models	18068290	2008	Toxicology	Comparison of S-adenosyl-L-methionine (SAMe) and N-acetylcysteine (NAC) protective effects on hepatic damage when administered after acetaminophen overdose.
Q1_starvation_models	17911358	2008	Exp Physiol	Sensory and autonomic nerve changes in the monosodium glutamate-treated rat: a model of type II diabetes.
Q1_starvation_models	17803054	2007	Comp Med	Big brains and blood glucose: common ground for diabetes mellitus in humans and healthy dolphins.
Q1_starvation_models	17717599	2007	J Clin Invest	Obesity-associated improvements in metabolic profile through expansion of adipose tissue.
Q1_starvation_models	17717112	2007	J Appl Physiol (1985)	New animal model opens opportunities for research on the female athlete triad.
Q1_starvation_models	17690192	2007	J Appl Physiol (1985)	Modified activity-stress paradigm in an animal model of the female athlete triad.
Q1_starvation_models	17671833	2008	Metab Brain Dis	Development of a mild prenatal stress rat model to study long term effects on neural function and survival.
Q1_starvation_models	17609403	2007	Eur J Endocrinol	Association between glycosylated hemoglobin, left ventricular mass and aortic function in nondiabetic individuals with insulin resistance.
Q1_starvation_models	17576866	2007	Circulation	Abdominal visceral and subcutaneous adipose tissue compartments: association with metabolic risk factors in the Framingham Heart Study.
Q1_starvation_models	17438206	2007	Biol Bull	How does metabolic rate scale with egg size? An experimental test with sea urchin embryos.
Q1_starvation_models	17414092	2007	Menopause	Effects of dietary equol on body weight gain, intra-abdominal fat accumulation, plasma lipids, and glucose tolerance in ovariectomized Sprague-Dawley rats.
Q1_starvation_models	17376513	2007	Mech Ageing Dev	Effects of mild calorie restriction on reproduction, plasma parameters and hepatic gene expression in mice with altered GH/IGF-I axis.
Q1_starvation_models	17344189	2007	Am J Physiol Renal Physiol	Adult-onset calorie restriction delays the accumulation of mitochondrial enzyme abnormalities in aging rat kidney tubular epithelial cells.
Q1_starvation_models	17272668	2007	Am J Physiol Regul Integr Comp Physiol	Effects of dietary protein restriction on nephron number in the mouse.
Q1_starvation_models	17255537	2007	Arterioscler Thromb Vasc Biol	A diet-induced hypercholesterolemic murine model to study atherogenesis without obesity and metabolic syndrome.
Q1_starvation_models	17139366	2006	Thromb Haemost	Tiplaxtinin impairs nutritionally induced obesity in mice.
Q1_starvation_models	17080243	2006	Dig Dis Sci	The restorative effect of taurine on experimental nonalcoholic steatohepatitis.
Q1_starvation_models	16899792	2006	Obesity (Silver Spring)	Weight gain induced by high-fat feeding involves increased liver oxidative stress.
Q1_starvation_models	16804082	2006	Diabetes	Beta-cell deficit due to increased apoptosis in the human islet amyloid polypeptide transgenic (HIP) rat recapitulates the metabolic defects present in type 2 diabetes.
Q1_starvation_models	16803850	2006	Am J Physiol Endocrinol Metab	Combination therapy with acipimox enhances the effect of growth hormone treatment on linear body growth in the normal and small-for-gestational-age rat.
Q1_starvation_models	16613881	2006	J Physiol	Activation of the mTOR signalling pathway is required for pancreatic growth in protease-inhibitor-fed mice.
Q1_starvation_models	16514174	2006	Exp Biol Med (Maywood)	Obesity-induced hypertension develops in young rats independently of the renin-angiotensin-aldosterone system.
Q1_starvation_models	16477270	2006	Int J Obes (Lond)	Alleviation of hepatic steatosis accompanied by modulation of plasma and liver TNF-alpha levels by Trigonella foenum graecum (fenugreek) seeds in Zucker obese (fa/fa) rats.
Q1_starvation_models	16441951	2006	Proc Nutr Soc	Maternal nutrient restriction alters renal development and blood pressure regulation of the offspring.
Q1_starvation_models	16339123	2005	Obes Res	(+)-Z-Bisdehydrodoisynolic acid ameliorates obesity and the metabolic syndrome in female ZDF rats.
Q1_starvation_models	16277777	2005	Br J Nutr	Rats treated with oleoyl-oestrone maintain glucidic homeostasis: comparisons with a pair-fed model.
Q1_starvation_models	16271340	2005	Clin Gastroenterol Hepatol	Contribution of ascites to impaired gastric function and nutritional intake in patients with cirrhosis and ascites.
Q1_starvation_models	16222060	2005	Obes Res	Effect of somatostatin analog on postprandial satiation in obesity.
Q1_starvation_models	16207639	2005	Toxicol Pathol	Diabesity: a polygenic model of dietary-induced obesity from ad libitum overfeeding of Sprague-Dawley rats and its modulation by moderate and marked dietary restriction.
Q1_starvation_models	16193473	2005	J Magn Reson Imaging	Gallbladder contraction, gastric emptying and antral motility: single visit assessment of upper GI function in untreated celiac disease using echo-planar MRI.
Q1_starvation_models	16006729	2005	Endocr J	Gonadal hormones and gonadal function in type 2 diabetes model OLETF (Otsuka Long Evans Tokushima Fatty) rats.
Q1_starvation_models	15985767	2005	Pancreatology	Pancreatic volume associated with endocrine and exocrine function of the pancreas among Japanese alcoholics.
Q1_starvation_models	15860689	2005	J Appl Physiol (1985)	Exercise without weight loss is an effective strategy for obesity reduction in obese individuals with and without Type 2 diabetes.
Q1_starvation_models	15805078	2005	Toxicol Pathol	An investigation of the effects of late-onset dietary restriction on prostate cancer development in the TRAMP mouse.
Q1_starvation_models	15761972	2005	World J Gastroenterol	Effects of emodin on treating murine nonalcoholic fatty liver induced by high caloric laboratory chaw.
Q1_starvation_models	15761160	2005	Obes Res	Effect of dietary carbohydrate source on the development of obesity in agouti transgenic mice.
Q1_starvation_models	15744290	2005	Nature	Physiology: postprandial cardiac hypertrophy in pythons.
Q1_starvation_models	15655531	2005	Br J Pharmacol	The dual PPARalpha/gamma agonist, ragaglitazar, improves insulin sensitivity and metabolic profile equally with pioglitazone in diabetic and dietary obese ZDF rats.
Q1_starvation_models	15650008	2005	FASEB J	Caloric restriction attenuates beta-amyloid neuropathology in a mouse model of Alzheimer's disease.
Q1_starvation_models	15561918	2004	Diabetes	beta-cell function in obesity: effects of weight loss.
Q1_starvation_models	15503054	2004	J Comp Physiol B	Short-term fasting induces intra-hepatic lipid accumulation and decreases intestinal mass without reduced brush-border enzyme activity in mink (Mustela vison) small intestine.
Q1_starvation_models	15256394	2004	Am J Respir Crit Care Med	Early emphysema in patients with anorexia nervosa.
Q1_starvation_models	15243308	2004	J Cardiovasc Pharmacol	Vasopeptidase inhibition improves insulin sensitivity and endothelial function in the JCR:LA-cp rat.
Q1_starvation_models	15118262	2004	Endocr J	K(ATP) channel knockout mice crossbred with transgenic mice expressing a dominant-negative form of human insulin receptor have glucose intolerance but not diabetes.
Q1_starvation_models	15050427	2004	Life Sci	The anti-hyperglycemic activity of the fruiting body of Cordyceps in diabetic rats induced by nicotinamide and streptozotocin.
Q1_starvation_models	15030065	2003	Afr J Med Med Sci	Selective cholesterol deposition in the kidney tissue of rats fed palm kernel oil diet.
Q1_starvation_models	14976334	2004	Toxicol Sci	Initiating activity of 4-chlorobiphenyl metabolites in the resistant hepatocyte model.
Q1_starvation_models	14709155	2004	J Endocrinol	Analysis of the effect of leptin on immune function in vivo using diet-induced obese mice.
Q1_starvation_models	14666999	2003	Birth Defects Res B Dev Reprod Toxicol	Effect of feed restriction on Hershberger and pubertal male assay endpoints.
Q1_starvation_models	14648808	2003	Diabetes Metab Res Rev	Left-ventricular diastolic dysfunction may be prevented by chronic treatment with PPAR-alpha or -gamma agonists in a type 2 diabetic animal model.
Q1_starvation_models	14633132	2003	Kidney Int	Dietary flaxseed meal reduces proteinuria and ameliorates nephropathy in an animal model of type II diabetes mellitus.
Q1_starvation_models	12885755	2003	Circulation	Disruption of leptin signaling contributes to cardiac hypertrophy independently of body weight in mice.
Q1_starvation_models	12865475	2003	J Gerontol A Biol Sci Med Sci	Dietary restriction and beta-cell sensitivity to glucose in adult male rhesus monkeys.
Q1_starvation_models	12843127	2003	J Clin Invest	Severe diabetes, age-dependent loss of adipose tissue, and mild growth deficiency in mice lacking Akt2/PKB beta.
Q1_starvation_models	12778363	2003	Horm Metab Res	Nutritional regulation of white adipocyte vascular endothelial growth factor (VEGF).
Q1_starvation_models	12740458	2003	Obes Res	Regional fat pad growth and cellularity in obese zucker rats: modulation by caloric restriction.
Q1_starvation_models	12705369	2003	J Pediatr Endocrinol Metab	Influence of oral insulin supplementation on carbohydrate, lipid and protein metabolism in weaned Balb/c mice.
Q1_starvation_models	12597447	2003	Toxicol Pathol	A grading scheme for the assessment of proliferative lesions of the mouse prostate in the TRAMP model.
Q1_starvation_models	12562946	2003	J Physiol	The dangerous road of catch-up growth.
Q1_starvation_models	12481155	2002	Neuroimmunomodulation	Effect of nutritional stress on the hypothalamo-pituitary-gonadal axis in the growing male rat.
Q1_starvation_models	12399633	2002	Nephron	Different effects of castration and estrogen administration on glomerular injury in spontaneously hyperglycemic Otsuka Long-Evans Tokushima Fatty (OLETF) rats.
Q1_starvation_models	12398816	2002	Placenta	Circulating insulin-like growth factor (IGF)-I and IGF binding proteins -1 and -3 and placental development in the guinea-pig.
Q1_starvation_models	12393101	2002	Cardiovasc Res	Correlation of functional and structural alterations of the coronary arterioles during development of type II diabetes mellitus in rats.
Q1_starvation_models	12388477	2003	Am J Physiol Regul Integr Comp Physiol	Lipolytic and metabolic response to glucagon in fasting king penguins: phase II vs. phase III.
Q1_starvation_models	12211318	2002	Poult Sci	Effect of a short-term feed outage on broiler performance, live shrink, and processing yields.
Q1_starvation_models	12203022	2002	J Biol Inorg Chem	The biomimetic [Cr(3)O(O(2)CCH(2)CH(3))(6)(H(2)O)(3)](+ )decreases plasma insulin, cholesterol, and triglycerides in healthy and type II diabetic rats but not type I diabetic rats.
Q1_starvation_models	12177834	2002	Physiol Biochem Zool	Digestive response to restricted feeding in migratory yellow-rumped warblers.
Q1_starvation_models	12072384	2002	Endocrinology	Melatonin regulates energy balance and attenuates fever in Siberian hamsters.
Q1_starvation_models	11935165	2002	Transpl Int	Combined effects of fasting and alanine on liver function recovery after cold ischemia.
Q1_starvation_models	11886942	2002	Obes Res	Metabolic characteristics and body composition in a model of anti-obese rats (Lou/C).
Q1_starvation_models	11821705	2002	J Hypertens	Identification and chromosomal localization of ecogenetic components of electrolyte excretion.
Q1_starvation_models	11787946	2001	Life Sci	Fermented soybean-derived Touchi-extract with anti-diabetic effect via alpha-glucosidase inhibitory action in a long-term administration study with KKAy mice.
Q1_starvation_models	11697781	2001	Biol Trace Elem Res	Combined effects of experimental heavy-metal contamination (Cu, Zn, and CH3Hg) and starvation on quail's body condition: parallelism with a wild common guillemot (Uria aalge) population found stranded at the Belgian coast.
Q1_starvation_models	11679420	2001	Diabetes	Longitudinal study on pubertal insulin resistance.
Q1_starvation_models	11581014	2001	Eur J Endocrinol	Maternal glucocorticoid treatment modulates placental leptin and leptin receptor expression and materno-fetal leptin physiology during late pregnancy, and elicits hypertension associated with hyperleptinaemia in the early-growth-retarded adult offspring.
Q1_starvation_models	11551861	2001	Am J Physiol Endocrinol Metab	Daily delivery of dietary nitrogen to the periphery is stable in rats adapted to increased protein intake.
Q1_starvation_models	11353696	2001	Am J Physiol Regul Integr Comp Physiol	Prediction of basal metabolism from organ size in the rat: relationship to strain, feeding, age, and obesity.
Q1_starvation_models	11331517	2001	Physiol Biochem Zool	Is long-distance bird flight equivalent to a high-energy fast? Body composition changes in freely migrating and captive fasting great knots.
Q1_starvation_models	11254914	2001	Atherosclerosis	Left ventricular mass and correlated atherosclerotic risk factors in young adolescents: report from Chin-Shan community cardiovascular study in Taiwan.
Q1_starvation_models	11170822	2001	Placenta	Maternal food restriction reduces the exchange surface area and increases the barrier thickness of the placenta in the guinea-pig.
Q1_starvation_models	11136618	2001	J Exp Biol	Structural flexibility of the intestine of Burmese python in response to feeding.
Q1_starvation_models	11106100	2000	J Gastroenterol Hepatol	Troglitazone prevents fatty changes of the liver in obese diabetic rats.
Q1_starvation_models	11045758	2000	Ann Clin Lab Sci	Effect of aerobic training on diabetic nephropathy in a rat model of type 2 diabetes mellitus.
Q1_starvation_models	11016899	2000	Metabolism	Troglitazone prevents and reverses dyslipidemia, insulin secretory defects, and histologic abnormalities in a rat model of naturally occurring obese diabetes.
Q1_starvation_models	11015559	1999	Physiol Genomics	Differential response to dietary fat in large (LG/J) and small (SM/J) inbred mouse strains.
Q1_starvation_models	11006363	2000	Toxicol Sci	Peroxisome proliferator-activated receptor alpha-null mice lack resistance to acetaminophen hepatotoxicity following clofibrate exposure.
Q1_starvation_models	10791999	2000	J Clin Invest	Pathophysiological role of leptin in obesity-related hypertension.
Q1_starvation_models	10735196	2000	Poult Sci	Ascites syndrome and related pathologies in feed restricted broilers raised in a hypobaric chamber.
Q1_starvation_models	10601536	1999	Clin Nutr	Trophic response of the intestinal mucosa to inflammation in rats injected with turpentine: a study using pair-fed controls.
Q1_starvation_models	10579311	1999	Endocrinology	Overexpression of insulin-like growth factor-binding protein-2 in transgenic mice reduces postnatal body weight gain.
Q1_starvation_models	10498750	1999	J Nutr	Oral administration of a glutamine-enriched diet before or after endotoxin challenge in aged rats has limited effects.
Q1_starvation_models	10440613	1999	Scand J Gastroenterol	Liver volume, portal vein flow, and clearance of indocyanine green and antipyrine in hyperthyroidism before and after antithyroid treatment.
Q1_starvation_models	10328224	1999	Int J Cancer	Leptin and tumor growth in rats.
Q1_starvation_models	10094112	1999	Metabolism	Metabolic abnormalities in the genetically obese and diabetic Otsuka Long-Evans Tokushima Fatty rat can be prevented and reversed by alpha-glucosidase inhibitor.
Q1_starvation_models	9688958	1998	Am J Physiol	Effect of chronic bradykinin administration on insulin action in an animal model of insulin resistance.
Q1_starvation_models	9640260	1998	J Reprod Fertil	Diet-induced loss of cyclic ovarian function at normal body weight in a rodent model for bulimia nervosa.
Q1_starvation_models	9551067	1998	Surgery	Hepatic insulin extraction after major hepatectomy.
Q1_starvation_models	9547855	1998	Toxicol Pathol	Pharmacological and toxicological effects of chronic porcine growth hormone administration in dogs.
Q1_starvation_models	9517486	1998	Biol Trace Elem Res	High fructose intake significantly reduces kidney copper concentrations in diabetic, islet transplanted rats.
Q1_starvation_models	9498375	1998	J Anim Sci	Body composition and energy utilization by steers of diverse genotypes fed a high-concentrate diet during the finishing period: I. Angus, Belgian Blue, Hereford, and Piedmontese sires.
Q1_starvation_models	9409324	1997	Arterioscler Thromb Vasc Biol	Interaction between BTBR and C57BL/6J genomes produces an insulin resistance syndrome in (BTBR x C57BL/6J) F1 mice.
Q1_starvation_models	9403583	1997	Hypertension	Antihypertensive agent moxonidine enhances muscle glucose transport in insulin-resistant rats.
Q1_starvation_models	9398730	1997	J Clin Endocrinol Metab	Serum leptin and energy expenditure in children.
Q1_starvation_models	9397240	1997	Am J Hypertens	Glucose metabolism and insulin receptor binding and mRNA levels in tissues of Dahl hypertensive rats.
Q1_starvation_models	9305533	1997	Biochem Mol Biol Int	Diminished response to food deprivation of the rat brown adipose tissue mitochondrial uncoupling system with age.
Q1_starvation_models	9262975	1997	Eur J Gastroenterol Hepatol	Do patients with systemic sclerosis have abnormal gallbladder function?
Q1_starvation_models	9224423	1997	J Gerontol A Biol Sci Med Sci	Adipose tissue-derived tumor necrosis factor-alpha activity is elevated in older rats.
Q1_starvation_models	9165366	1997	Jpn J Pharmacol	New ulcerative colitis model induced by sulfhydryl blockers in rats and the effects of antiinflammatory drugs on the colitis.
Q1_starvation_models	9087639	1997	Am J Physiol	Schedule-induced psychological stress and molecular structures of cardiomyocytes.
Q1_starvation_models	9113470	1997	Diabetes Res Clin Pract	Exercise training in Otsuka Long-Evans Tokushima Fatty rat, a model of spontaneous non-insulin-dependent diabetes mellitus: effects on the B-cell mass, insulin content and fibrosis in the pancreas.
Q1_starvation_models	9243119	1997	Digestion	Small bowel lengthening by mechanical distraction.
Q1_starvation_models	9058209	1997	J Biochem	Suppressed expression of the urea cycle enzyme genes in the liver of carnitine-deficient juvenile visceral steatosis (JVS) mice in infancy and during starvation in adulthood.
Q1_starvation_models	8923686	1996	Toxicol Pathol	Changes in rat heart histomorphometry due to two-week dietary restriction.
Q1_starvation_models	8765217	1996	J Lab Clin Med	Effects of dietary carbohydrates on glucose and lipid metabolism in golden Syrian hamsters.
Q1_starvation_models	8737891	1996	Physiol Behav	Daylength and body mass affect diet self-selection by Siberian hamsters.
Q1_starvation_models	8613897	1996	J Nutr	Dietary restriction induces biochemical and morphometric changes in the small intestine of nursing piglets.
Q1_starvation_models	8907147	1996	J Morphol	Fat body of the frog Rana esculenta: an ultrastructural study.
Q1_starvation_models	9087314	1996	Ann Nutr Metab	Age-related response of the small intestine to severe starvation and refeeding in rats.
Q1_starvation_models	8666722	1995	J Appl Toxicol	Effect of metformin on glutathione and magnesium in normal and streptozotocin-induced diabetic rats.
Q1_starvation_models	7840336	1995	Am J Physiol	Interaction of hypertension and caloric restriction on cardiac mass and isomyosin expression.
Q1_starvation_models	7836712	1994	J Hepatol	Change in size, shape and radiocolloid uptake of the alcoholic liver during alcohol withdrawal, as demonstrated by single photon emission computed tomography.
Q1_starvation_models	7518382	1994	Endocrinology	Growth hormone (GH) deprivation induced by passive immunization against rat GH-releasing factor does not disturb the course of sexual maturation and fertility in the female rat.
Q1_starvation_models	8132505	1994	J Biol Chem	Glycogenesis from glucose and ureagenesis in isolated perfused rat livers. Influence of ammonium ion, norvaline, and ethoxyzolamide.
Q1_starvation_models	8360839	1993	J Pharm Sci	Simulation studies on ethanol metabolism in different human populations with a physiological pharmacokinetic model.
Q1_starvation_models	7684953	1993	Carcinogenesis	Effects of high fat diet and cholecystokinin receptor blockade on pancreatic growth and tumor initiation in the hamster.
Q1_starvation_models	8475543	1993	Transplantation	Livers from fasted rats acquire resistance to warm and cold ischemia injury.
Q1_starvation_models	1457749	1992	In Vivo	Histopathological changes in rat pancreas after fasting and cassava feeding.
Q1_starvation_models	1499446	1992	Dig Dis Sci	Effect of indomethacin and misoprostol on fasted gallbladder volume and meal-induced gallbladder contractility in humans.
Q1_starvation_models	1289390	1992	J Dev Physiol	Amniotic fluid and plasma glycine/valine ratios in substrate deprived growth retarded fetal rats.
Q1_starvation_models	1386893	1992	JPEN J Parenter Enteral Nutr	Effect of malnutrition on aerobic and anaerobic performance of fast- and slow-twitch muscles of rats.
Q1_starvation_models	1295822	1992	Horm Res	Effects of changes in nutritional conditions on timing of puberty: clinical evidence from adopted children and experimental studies in the male rat.
Q1_starvation_models	1745679	1991	Physiol Behav	Refeeding after the late increase in nitrogen excretion during prolonged fasting in the rat.
Q1_starvation_models	2050337	1991	Hepatology	Carbohydrate and oxygen metabolism during hepatocellular proliferation: a study in perfused livers from mirex-treated rats.
Q1_starvation_models	2023531	1991	Metabolism	Exercise training normalizes glucose metabolism in a rat model of impaired glucose tolerance.
Q1_starvation_models	1906455	1991	J Anim Sci	Energy utilization and organ mass of Targhee sheep selected for rate and efficiency of gain and receiving high and low planes of nutrition.
Q1_starvation_models	1938047	1991	Growth Dev Aging	Specific heat output (SHO) of visceral organs/tissues: the hypothesis and first estimations.
Q1_starvation_models	1899789	1991	Aust N Z J Surg	The influence of branched chain amino acids on colonic atrophy and anastomotic strength in the rat.
Q1_starvation_models	2345800	1990	Res Commun Chem Pathol Pharmacol	Modifying influence of fasting on liver hyperplasia induced by lead nitrate.
Q1_starvation_models	2816799	1989	Am J Clin Nutr	Gastrointestinal and cardiac response to refeeding after low-calorie semistarvation.
Q1_starvation_models	2685798	1989	Poult Sci	Molt induced by gonadotropin-releasing hormone agonist as a model for studying endocrine mechanisms of molting in laying hens.
Q1_starvation_models	2674670	1989	Mol Cell Biochem	Insulin sensitivity in experimental cirrhosis.
Q1_starvation_models	2718911	1989	Am J Clin Nutr	Acute diaphragmatic changes induced by starvation in rats.
Q1_starvation_models	2755800	1989	Nihon Igaku Hoshasen Gakkai Zasshi	[Japanese reference man 1988-IV. Studies on the weight and size of internal organs of Normal Japanese].
Q1_starvation_models	2925005	1989	Dev Psychobiol	The quantitative relationship between nutritional effects on preweaning growth and behavioral development in mice.
Q1_starvation_models	2564047	1989	J Nutr	Comparison of dehydroepiandrosterone and clofibric acid treatments in obese Zucker rats.
Q1_starvation_models	2756019	1989	Physiol Behav	Effects of a gastric implant on body weight and gastrointestinal hormones in cafeteria diet obese rats.
Q1_starvation_models	2728726	1989	Zh Nevropatol Psikhiatr Im S S Korsakova	[Clinico-experimental substantiation of the use of carnitine and cobalamin in the treatment of anorexia nervosa].
Q1_starvation_models	2570691	1989	Enzyme	Liver enzyme changes in a guinea-pig model of facial eczema (sporidesmiotoxicosis).
Q1_starvation_models	3185284	1988	Metabolism	Metabolic response to starvation at late gestation in chronically ethanol-treated and pair-fed undernourished rats.
Q1_starvation_models	3350144	1988	Exp Mol Pathol	Involution of thymic epithelium and low serum thymulin bioactivity in weanling mice subjected to severe food intake restriction or severe protein deficiency.
Q1_starvation_models	3337269	1988	Am J Physiol	Refeeding hypertension in dietary obesity.
Q1_starvation_models	3069229	1988	Chronobiol Int	Time-dependent pharmacokinetics and toxicity of cyclosporine.
Q1_starvation_models	3444121	1987	Jpn J Pharmacol	Effects of alcohol-metabolizing enzyme inhibitors and beta-lactam antibiotics on ethanol elimination in rats.
Q1_starvation_models	3315827	1987	Gastroenterology	Rapid growth of an intact human liver transplanted into a recipient larger than the donor.
Q1_starvation_models	3688221	1987	Am J Physiol	Study of ketone body kinetics in children by a combined perfusion of 13C and 2H3 tracers.
Q1_starvation_models	3112359	1987	J Pediatr Surg	Total parenteral nutrition and intestinal development: a neonatal model.
Q1_starvation_models	3802392	1987	Carcinogenesis	The influence of food intake on the development of diethylnitrosamine-induced liver tumours in mice.
Q1_starvation_models	3554466	1987	Toxicol Pathol	HMP-shunt and cholesterol metabolism in experimental models involving normal and preneoplastic liver growth.
Q1_starvation_models	3735443	1986	J Mol Cell Cardiol	Stereological study on the rat heart in chronic alimentary thiamine deficiency--absence of myocardial changes despite starvation.
Q1_starvation_models	3723203	1986	J Nutr	Growth and fatty acid metabolism in experimental intrauterine growth retardation: effect of postnatal nutrition in rat.
Q1_starvation_models	4091777	1985	Basic Res Cardiol	Association of ventricular myosin heavy chains in functional states which lead to isoenzyme populations encompassing the whole range of possible distribution.
Q1_starvation_models	3970233	1985	Am J Physiol	Differential effects of food restriction on pituitary-testicular function in mice.
Q1_starvation_models	3933579	1985	Biol Neonate	Influence of hormones and undernutrition on brain development in newborn rats.
Q1_starvation_models	3902688	1985	Int J Obes	Adiposity, anthropometric measures, and plasma insulin levels of rhesus monkeys.
Q1_starvation_models	2418460	1985	Prog Food Nutr Sci	Nucleic acid and protein metabolism in undernutrition and protein deficiency.
Q1_starvation_models	6537433	1984	J Bioenerg Biomembr	Oxidations in kidney mitochondria of heat-exposed rats: regulation by cytochrome c.
Q1_starvation_models	6522146	1984	Pediatr Res	Splanchnic uptake and release of energy substrates in the fasting baboon infant.
Q1_starvation_models	6398803	1984	Int J Obes	Hypothalamic and genetic obesity: an appraisal of the autonomic hypothesis and the endocrine hypothesis.
Q1_starvation_models	6222516	1983	Toxicology	Effect of lung, liver, and kidney toxicants on respiratory rate in the mouse.
Q1_starvation_models	6828406	1983	Poult Sci	Laboratory model with chicks for assay of nutritional factors affecting hepatic lipid accumulation in laying hens.
Q1_starvation_models	7011401	1981	Biochim Biophys Acta	Constitutive hepatic glucokinase activity in db/db and ob/ob mice.
Q1_starvation_models	545166	1979	Neurochem Res	A comparison of starvation models in studies of brain myelination.
Q1_starvation_models	713541	1978	J Surg Res	A protein sparing model in the rat during hypocaloric feeding: factors determining preservation of visceral protein function.
Q1_starvation_models	639358	1978	Clin Exp Pharmacol Physiol	Effects of monosodium glutamate-induced obesity in mice on carbohydrate metabolism in insulin secretion.
Q1_starvation_models	894357	1977	J Nutr	Pyridoxine deficiency and postnatal development of brain aspartate and alanine aminotransferase activities, and cholesterol levels in chicks.
Q1_starvation_models	1248444	1976	Endocrinology	Growth hormone during catch-up growth and failure of catch-up growth in rats.
Q1_starvation_models	828827	1976	Acta Chir Scand Suppl	Morphological changes of the adapting small intestine under various conditions. An experimental and clinical study.
Q1_starvation_models	811266	1975	Biochim Biophys Acta	The effect of protein deprivation and starvation on the rate of protein synthesis in tissues of the rat.
Q1_starvation_models	1163521	1975	Am J Dig Dis	The effect of fasting on the rate of intestinal drug absorption in rats: preliminary studies.
Q1_starvation_models	1148928	1975	Can J Physiol Pharmacol	Effect of pyrazole on ethanol metabolism in ethanol-tolerant rats.
Q1_starvation_models	1118194	1975	Pediatr Res	The Dutch famine, 1944-1945, and the reproductive process. II. Interrelations of caloric rations and six indices at birth.
Q1_starvation_models	4372287	1974	J Lipid Res	Influx of cholesterol into plasma in rabbits with fasting hyperbetalipoproteinemia.
Q1_starvation_models	4367455	1974	Biol Neonate	In vivo metabolism of 14C-labeled palmitic acid in serum and in brown and white adipose tissue of well-fed and starved newborn rabbits. II. Tracer kinetic analysis of the incorporation rate of serum free fatty acids into the main lipid fractions of brown and white adipose tissues.
Q1_starvation_models	4697877	1973	J Neurochem	Effect of undernutrition on cell formation in the rat brain.
Q1_starvation_models	4631033	1973	Arch Neurol	Behavioral and brain correlations in early life nutritional deprivation.
Q1_starvation_models	4675056	1972	J Anim Sci	Effects of high and low feeding at two stages of the estrous cycle on follicular development in gilts from four genetic groups.
Q1_starvation_models	4677203	1972	Physiol Behav	Conflict duration, feeding schedule, and strain differences in conflict-induced gastric ulcers.
Q1_starvation_models	4330867	1971	Horm Metab Res	Experimental hypersomatotropism: serum growth hormone and insulin, and pituitary and pancreatic changes in MtT-W15 tumor-bearing rats before and after tumor removal.
Q1_starvation_models	5152731	1971	Ann Acad Sci Fenn Biol	Thymus in acute starvation and re-feeding, an experimental, histoquantitave and statistical study in mice.
Q1_starvation_models	5512694	1970	Biochem Pharmacol	Effect of phenobarbital pretreatment on the ability of aflatoxin B 1 to inhibit ribonucleic acid synthesis in rat liver.
Q1_starvation_models	5715208	1968	Growth	Organ weights and water contents during acute starvation, thirst and stress.
Q1_starvation_models	5643969	1968	Lab Invest	Stimulation of protein and ribonucleic acid synthesis in rat submaxillary gland by isoproterenol.
Q1_starvation_models	5587561	1967	Growth	Comparison of a "computer standard line method" with the "organ weight/body weight evaluation" in normal and starved female rats.
Q2_haemorrhage_models	42213715	2026	Am J Physiol Heart Circ Physiol	Modeling sex-dependent cardiovascular responses to lower body negative pressure.
Q2_haemorrhage_models	42171825	2026	Biomech Model Mechanobiol	Lumped parameter modeling of changes in liver hemodynamics due to cirrhosis.
Q2_haemorrhage_models	42010028	2026	Cardiovasc Eng Technol	Mathematical Modeling of Photoplethysmography: Model Assessment and Validation.
Q2_haemorrhage_models	41713497	2026	J Theor Biol	Modeling the impact of venous collapsibility on retinal oxygenation.
Q2_haemorrhage_models	41676696	2026	bioRxiv	Calibration of a Closed-loop Model of Porcine Aortic Hemodynamics during Hemorrhage.
Q2_haemorrhage_models	41602449	2025	Front Physiol	Hemodynamic consequences of pressure-flow curve gradient variations in continuous-flow ventricular assist devices.
Q2_haemorrhage_models	41398123	2026	Ann Biomed Eng	Mechanisms of Central Hemodynamic Changes Due to Limb Tourniquets and Cuffs: Mathematical Modeling Studies with Implications for Cardiopulmonary Resuscitation.
Q2_haemorrhage_models	40674944	2025	J Therm Biol	Phase inversion of skin temperature oscillations under the influence of local heating.
Q2_haemorrhage_models	40446209	2025	PLoS Comput Biol	Understanding the hemodynamic changes in fetuses with coarctation of the aorta using a lumped model of fetal circulation.
Q2_haemorrhage_models	40306973	2025	J Nucl Med	Quantitative Total-Body Imaging of Blood Flow with High-Temporal-Resolution Early Dynamic (18)F-FDG PET Kinetic Modeling.
Q2_haemorrhage_models	40169447	2025	Surg Endosc	Computational fluid dynamics for vascular assessment in hepatobiliopancreatic surgery: a pilot study and future perspectives.
Q2_haemorrhage_models	39832118	2025	Ann Nucl Med	Compartmental modeling for blood flow quantification from dynamic 15 O-water PET images of humans: a systematic review.
Q2_haemorrhage_models	39252929	2024	medRxiv	Quantitative Total-Body Imaging of Blood Flow with High Temporal Resolution Early Dynamic (18)F-Fluorodeoxyglucose PET Kinetic Modeling.
Q2_haemorrhage_models	39004173	2024	Microvasc Res	Robust analysis of microcirculatory flowmotion during post-occlusive reactive hyperemia.
Q2_haemorrhage_models	37871109	2023	PLoS Comput Biol	The role of leptomeningeal collaterals in redistributing blood flow during stroke.
Q2_haemorrhage_models	37827171	2023	Phys Med Biol	A stochastic model of blood flow to calculate blood dose during radiotherapy.
Q2_haemorrhage_models	36671632	2023	Bioengineering (Basel)	Evaluation of Different Cannulation Strategies for Aortic Arch Surgery Using a Cardiovascular Numerical Simulator.
Q2_haemorrhage_models	36214986	2022	Bull Exp Biol Med	A Method for Assessing Stability of Regional Blood Circulation in Humans.
Q2_haemorrhage_models	36083843	2023	Vasc Endovascular Surg	An Oscillatory Shear Index-Based Model to Describe Progressive Carotid Artery Stenosis.
Q2_haemorrhage_models	36055052	2022	J Biomech	Multiple blood flow surges during intermittent pneumatic compression: The origins and their implications.
Q2_haemorrhage_models	35652831	2022	J Appl Physiol (1985)	A mathematical model for predicting cardiovascular responses at rest and during exercise in demanding environmental conditions.
Q2_haemorrhage_models	35073998	2022	BMC Biomed Eng	Development of computational models for microtesla-level magnetic brain scanning: a novel avenue for device development.
Q2_haemorrhage_models	34554016	2021	J Appl Physiol (1985)	Microvascular fluid flow in ex vivo and engineered lungs.
Q2_haemorrhage_models	34313635	2021	Dermatol Surg	Blood Perfusion of Random Skin Flaps in Humans-In Vivo Assessment by Laser Speckle Contrast Imaging.
Q2_haemorrhage_models	34285707	2021	Comput Math Methods Med	Modeling the Effect of Binding Kinetics in Spatial Drug Distribution in the Brain.
Q2_haemorrhage_models	34140409	2021	Proc Natl Acad Sci U S A	Compressed vessels bias red blood cell partitioning at bifurcations in a hematocrit-dependent manner: Implications in tumor blood flow.
Q2_haemorrhage_models	33823509	2021	J Vasc Res	Acute Hemodynamic Improvement by Thermal Vasodilation inside the Abdominal and Iliac Arterial Segments of Young Sedentary Individuals.
Q2_haemorrhage_models	33744885	2021	Cerebrovasc Dis	Case Report: Evaluating Biomechanical Risk Factors in Carotid Stenosis by Patient-Specific Fluid-Structural Interaction Biomechanical Analysis.
Q2_haemorrhage_models	33166577	2021	Microvasc Res	An adaptive fractal model for sublingual microcirculation.
Q2_haemorrhage_models	33144121	2021	Microvasc Res	Effects of buoyant and Saffman lift force on magnetic drug targeting in microvessel in the presence of inertia.
Q2_haemorrhage_models	32920096	2020	Math Biosci	Blood flow regulation and oxygen transport in a heterogeneous model of the mouse retina.
Q2_haemorrhage_models	32726315	2020	PLoS One	A mathematical model to quantify the effects of platelet count, shear rate, and injury size on the initiation of blood coagulation under venous flow conditions.
Q2_haemorrhage_models	32302493	2020	Am J Physiol Heart Circ Physiol	An in silico simulation of flow-mediated dilation reveals that blood pressure and other factors may influence the response independent of endothelial function.
Q2_haemorrhage_models	32069116	2020	Circ Cardiovasc Imaging	Test-Retest Precision of Myocardial Blood Flow Measurements With (99m)Tc-Tetrofosmin and Solid-State Detector Single Photon Emission Computed Tomography.
Q2_haemorrhage_models	31606450	2020	Exp Eye Res	Non-invasive in vivo measurement of ocular rigidity: Clinical validation, repeatability and method improvement.
Q2_haemorrhage_models	31605649	2020	Microcirculation	Hyperinsulinemia does not cause de novo capillary recruitment in rat skeletal muscle.
Q2_haemorrhage_models	31466784	2019	J Therm Biol	Effect of local skin blood flow during light and medium activities on local skin temperature predictions.
Q2_haemorrhage_models	31414960	2019	J Appl Physiol (1985)	Periodicity, time constants of drainage, and the mechanical determinants of peak cardiac output during exercise.
Q2_haemorrhage_models	31362321	2019	J Reconstr Microsurg	A Theoretical Model Describing the Dynamics of Venous Flow in the DIEP Flap.
Q2_haemorrhage_models	31331663	2019	J Biomech	Magnetic resonance imaging based modeling of microvascular perfusion in patients with peripheral artery disease.
Q2_haemorrhage_models	31288428	2019	Sensors (Basel)	A Blood Flow Volume Linear Inversion Model Based on Electromagnetic Sensor for Predicting the Rate of Arterial Stenosis.
Q2_haemorrhage_models	31256443	2019	Int J Numer Method Biomed Eng	A computational model of open-irrigated radiofrequency catheter ablation accounting for mechanical properties of the cardiac tissue.
Q2_haemorrhage_models	31229762	2019	Med Image Anal	A methodology for generating four-dimensional arterial spin labeling MR angiography virtual phantoms.
Q2_haemorrhage_models	31185938	2019	BMC Cancer	Development and validation of a model that includes two ultrasound parameters and the plasma D-dimer level for predicting malignancy in adnexal masses: an observational study.
Q2_haemorrhage_models	31104921	2019	J Biomech	A computational model for prediction of clot platelet content in flow-diverted intracranial aneurysms.
Q2_haemorrhage_models	31078542	2019	Am J Ophthalmol	Improved Macular Capillary Flow on Optical Coherence Tomography Angiography After Panretinal Photocoagulation for Proliferative Diabetic Retinopathy.
Q2_haemorrhage_models	31062494	2019	Physiol Rep	Three-dimensional distribution of wall shear stress and its gradient in red cell-resolved computational modeling of blood flow in in vivo-like microvascular networks.
Q2_haemorrhage_models	30991014	2019	J Appl Physiol (1985)	Oxygen dependence of glucose sensing: role in glucose homeostasis and related pathology.
Q2_haemorrhage_models	30945583	2018	J Med Eng Technol	Bioimpedance analysis in detecting vascular diseases using blood pooling method.
Q2_haemorrhage_models	30928204	2019	J Biomech	MRI-based modeling of spleno-mesenteric confluence flow.
Q2_haemorrhage_models	30927212	2019	Cardiovasc Eng Technol	Development of a Two-Way Coupled Eulerian-Lagrangian Computational Magnetic Nanoparticle Targeting Model for Pulsatile Flow in a Patient-Specific Diseased Left Carotid Bifurcation Artery.
Q2_haemorrhage_models	30838498	2019	Biomech Model Mechanobiol	A data-driven model to study utero-ovarian blood flow physiology during pregnancy.
Q2_haemorrhage_models	30543817	2019	Microvasc Res	Electroosmosis modulated transient blood flow in curved microvessels: Study of a mathematical model.
Q2_haemorrhage_models	30408044	2018	PLoS One	Patient-specific modeling of right coronary circulation vulnerability post-liver transplant in Alagille's syndrome.
Q2_haemorrhage_models	30149022	2018	Math Biosci	Predicting retinal tissue oxygenation using an image-based theoretical model.
Q2_haemorrhage_models	30095992	2018	Am J Physiol Heart Circ Physiol	Multilayer flow modulator enhances vital organ perfusion in patients with type B aortic dissection.
Q2_haemorrhage_models	29955830	2018	Hum Reprod	Trophoblast plugs: impact on utero-placental haemodynamics and spiral artery remodelling.
Q2_haemorrhage_models	29947132	2018	Int J Numer Method Biomed Eng	A multi-scale model of the coronary circulation applied to investigate transmural myocardial flow.
Q2_haemorrhage_models	29909857	2018	J Vasc Surg Venous Lymphat Disord	Hemodynamics of venous valve pairing and implications on helical flow.
Q2_haemorrhage_models	29696590	2018	Med Biol Eng Comput	Direct nanodrug delivery for tumor targeting subject to shear-augmented diffusion in blood flow.
Q2_haemorrhage_models	29513271	2018	Physiol Meas	Feasibility of using thermal response to K(a) band millimeter wave heating to assess skin blood flow.
Q2_haemorrhage_models	29508375	2018	Cardiovasc Eng Technol	Effect of Interstitial Fluid Flow on Drug-Coated Balloon Delivery in a Patient-Specific Arterial Vessel with Heterogeneous Tissue Composition: A Simulation Study.
Q2_haemorrhage_models	29347421	2017	Phys Rev E	Turing-like structures in a functional model of cortical spreading depression.
Q2_haemorrhage_models	29328067	2018	Eye (Lond)	A physical approach to model occlusions in the retinal microvasculature.
Q2_haemorrhage_models	29291432	2018	Microvasc Res	Joule heating and zeta potential effects on peristaltic blood flow through porous micro vessels altered by electrohydrodynamic.
Q2_haemorrhage_models	29173905	2017	Phys Med	Optimization of imaging protocols for myocardial blood flow (MBF) quantification with (18)F-flurpiridaz PET.
Q2_haemorrhage_models	29117630	2018	Microcirculation	Biophysical properties of microvascular endothelium: Requirements for initiating and conducting electrical signals.
Q2_haemorrhage_models	29060622	2017	Annu Int Conf IEEE Eng Med Biol Soc	Pilot study on vascular intervention training based on blood flow effected guidewire simulation.
Q2_haemorrhage_models	29024278	2018	Diabetes Obes Metab	Why do SGLT2 inhibitors reduce heart failure hospitalization? A differential volume regulation hypothesis.
Q2_haemorrhage_models	28832097	2017	Kardiol Pol	Effect of tandem lesions on haemodynamic parameters: an experimental study.
Q2_haemorrhage_models	28393299	2017	Int J Comput Assist Radiol Surg	Blood flow-induced physically based guidewire simulation for vascular intervention training.
Q2_haemorrhage_models	28363495	2017	Microvasc Res	Nitric oxide release by deoxymyoglobin nitrite reduction during cardiac ischemia: A mathematical model.
Q2_haemorrhage_models	28297050	2017	J Vasc Access	Preoperative computer simulation for planning of vascular access surgery in hemodialysis patients.
Q2_haemorrhage_models	28189606	2017	Microvasc Res	Hydrodynamics of a free-flowing leukocyte toward the endothelial wall.
Q2_haemorrhage_models	28169877	2018	Retina	ISING MODEL OF CHORIOCAPILLARIS FLOW.
Q2_haemorrhage_models	27930555	2016	Medicine (Baltimore)	Establishment of the intracranial hemodynamic model based on contrast medium and clinical applications.
Q2_haemorrhage_models	27780904	2017	J Cereb Blood Flow Metab	The capillary bed offers the largest hemodynamic resistance to the cortical blood supply.
Q2_haemorrhage_models	27659574	2016	JACC Cardiovasc Interv	Elimination of Transcoarctation Pressure Gradients Has No Impact on Left Ventricular Function or Aortic Shear Stress After Intervention in Patients With Mild Coarctation.
Q2_haemorrhage_models	27601219	2016	Eur J Vasc Endovasc Surg	Editor's Choice - Fluid-Structure Interaction Simulations of Aortic Dissection with Bench Validation.
Q2_haemorrhage_models	27591921	2016	Neuroimage	Modelling confounding effects from extracerebral contamination and systemic factors on functional near-infrared spectroscopy.
Q2_haemorrhage_models	27478840	2016	Biomed Res Int	An Ultrasound Simulation Model for the Pulsatile Blood Flow Modulated by the Motion of Stenosed Vessel Wall.
Q2_haemorrhage_models	27405970	2016	Physiol Rep	Effects of acute and chronic interval sprint exercise performed on a manually propelled treadmill on upper limb vascular mechanics in healthy young men.
Q2_haemorrhage_models	27389627	2016	Microvasc Res	Predicting bifurcation angle effect on blood flow in the microvasculature.
Q2_haemorrhage_models	27174550	2016	Eur J Cardiothorac Surg	Low-flow lower body perfusion for spinal protection in a frozen elephant trunk simulation model.
Q2_haemorrhage_models	27016582	2016	Am J Physiol Heart Circ Physiol	A coupled chemo-fluidic computational model for thrombogenesis in infarcted left ventricles.
Q2_haemorrhage_models	26969106	2016	Microvasc Res	Recovery of cell-free layer and wall shear stress profile symmetry downstream of an arteriolar bifurcation.
Q2_haemorrhage_models	26956622	2016	Microvasc Res	Reproducibility of axon reflex-related vasodilation assessed by dynamic thermal imaging in healthy subjects.
Q2_haemorrhage_models	26935302	2016	Biomech Model Mechanobiol	Three-dimensional hemodynamics analysis of the circle of Willis in the patient-specific nonintegral arterial structures.
Q2_haemorrhage_models	26868482	2016	J Endovasc Ther	Type IIIb Endoleak and Relining: A Mathematical Model of Distraction Forces.
Q2_haemorrhage_models	26796228	2016	J Theor Biol	The role of nitric oxide in neurovascular coupling.
Q2_haemorrhage_models	26367184	2015	Math Biosci	Parametric uncertainty and global sensitivity analysis in a model of the carotid bifurcation: Identification and ranking of most sensitive model parameters.
Q2_haemorrhage_models	26320121	2016	J Neurointerv Surg	In vitro experiments of cerebral blood flow during aspiration thrombectomy: potential effects on cerebral perfusion pressure and collateral flow.
Q2_haemorrhage_models	26242709	2015	Placenta	Patient-specific estimates of vascular and placental properties in growth-restricted fetuses based on a model of the fetal circulation.
Q2_haemorrhage_models	26232093	2016	Biomech Model Mechanobiol	Blood flow mechanics and oxygen transport and delivery in the retinal microcirculation: multiscale mathematical modeling and numerical simulation.
Q2_haemorrhage_models	26123058	2016	Vascular	A computational fluid-structure interaction model of the blood flow in the healthy and varicose saphenous vein.
Q2_haemorrhage_models	26036249	2016	Phlebology	Impact of CCSVI on cerebral haemodynamics: a mathematical study using MRI angiographic and flow data.
Q2_haemorrhage_models	25972029	2016	Vascular	Computation of blood flow through collateral circulation of the superficial femoral artery.
Q2_haemorrhage_models	25953632	2015	Neuroimage	Mechanical restriction of intracortical vessel dilation by brain tissue sculpts the hemodynamic response.
Q2_haemorrhage_models	25936622	2015	Microvasc Res	An effective model of blood flow in capillary beds.
Q2_haemorrhage_models	25758452	2015	J Vasc Surg	Standard duplex criteria overestimate the degree of stenosis after eversion carotid endarterectomy.
Q2_haemorrhage_models	25588762	2015	Int J Artif Organs	Recirculation during veno-venous extra-corporeal membrane oxygenation--a simulation study.
Q2_haemorrhage_models	25557072	2015	J Magn Reson Imaging	Quantification of myocardial blood flow with dynamic perfusion 3.0 Tesla MRI: Validation with (15) O-water PET.
Q2_haemorrhage_models	25347874	2015	IEEE Trans Biomed Eng	An anatomically detailed arterial network model for one-dimensional computational hemodynamics.
Q2_haemorrhage_models	25190664	2014	Invest Ophthalmol Vis Sci	A theoretical model to allow prediction of the CSF pressure from observations of the retinal venous pulse.
Q2_haemorrhage_models	24934798	2014	Ultrasonics	An improved Doppler model for obtaining accurate maximum blood velocities.
Q2_haemorrhage_models	24921933	2014	PLoS Comput Biol	A computational model of the fetal circulation to quantify blood redistribution in intrauterine growth restriction.
Q2_haemorrhage_models	24876284	2014	Invest Ophthalmol Vis Sci	Intraocular pressure, blood pressure, and retinal blood flow autoregulation: a mathematical model to clarify their relationship and clinical relevance.
Q2_haemorrhage_models	24817458	2014	J Vasc Access	Computational model for prediction of fistula outcome.
Q2_haemorrhage_models	24307914	2013	Comput Math Methods Med	Analytical solution of multicompartment solute kinetics for hemodialysis.
Q2_haemorrhage_models	24172269	2013	ASAIO J	A regional blood flow model for glucose and insulin kinetics during hemodialysis.
Q2_haemorrhage_models	24167277	2013	Proc Natl Acad Sci U S A	Combining two strategies to improve perfusion and drug delivery in solid tumors.
Q2_haemorrhage_models	23962852	2013	Interact Cardiovasc Thorac Surg	Apicoaortic conduit and cerebral perfusion in mixed aortic valve disease: a computational analysis.
Q2_haemorrhage_models	23826367	2013	PLoS One	A New Functional MRI Approach for Investigating Modulations of Brain Oxygen Metabolism.
Q2_haemorrhage_models	23766506	2013	J Appl Physiol (1985)	A validated model of oxygen uptake and circulatory dynamic interactions at exercise onset in humans.
Q2_haemorrhage_models	23729840	2013	J Comput Phys	Multi-Scale Computational Model of Three-Dimensional Hemodynamics within a Deformable Full-Body Arterial Network.
Q2_haemorrhage_models	23715122	2013	Kidney Int	Validation of a patient-specific hemodynamic computational model for surgical planning of vascular access in hemodialysis patients.
Q2_haemorrhage_models	23691249	2013	PLoS One	Impact of coronary tortuosity on coronary blood supply: a patient-specific study.
Q2_haemorrhage_models	23657833	2013	J Nucl Cardiol	Characterizing the normal range of myocardial blood flow with ⁸²rubidium and ¹³N-ammonia PET imaging.
Q2_haemorrhage_models	23644613	2013	ASAIO J	Flow modulation algorithms for intra-aortic rotary blood pumps to minimize coronary steal.
Q2_haemorrhage_models	23609803	2013	Sensors (Basel)	Validation of noninvasive MOEMS-assisted measurement system based on CCD sensor for radial pulse analysis.
Q2_haemorrhage_models	23577101	2013	PLoS One	Regulation of ion gradients across myocardial ischemic border zones: a biophysical modelling analysis.
Q2_haemorrhage_models	23443008	2013	Physiol Meas	Pulsatile blood flow in human bone assessed by laser-Doppler flowmetry and the interpretation of photoplethysmographic signals.
Q2_haemorrhage_models	23434295	2013	J Thorac Cardiovasc Surg	Effects of pulmonary artery banding and retrograde aortic arch obstruction on the hybrid palliation of hypoplastic left heart syndrome.
Q2_haemorrhage_models	23354424	2014	Int J Biometeorol	Incorporating neurophysiological concepts in mathematical thermoregulation models.
Q2_haemorrhage_models	23345261	2013	Int J Numer Method Biomed Eng	A black-box decomposition approach for coupling heterogeneous components in hemodynamics simulations.
Q2_haemorrhage_models	23280082	2013	Int J Artif Organs	Evaluation of alternatives for dysfunctional double lumen central venous catheters using a two-compartmental mathematical model for different solutes.
Q2_haemorrhage_models	23277410	2013	Biomech Model Mechanobiol	Velocity profiles in the human ductus venosus: a numerical fluid structure interaction study.
Q2_haemorrhage_models	23095212	2012	J Cardiovasc Magn Reson	Quantitative myocardial perfusion in mice based on the signal intensity of flow sensitized CMR.
Q2_haemorrhage_models	23043501	2012	Int J Hyperthermia	Combination therapy of radiofrequency ablation and bevacizumab monitored with power Doppler ultrasound in a murine model of hepatocellular carcinoma.
Q2_haemorrhage_models	23027636	2012	Int J Numer Method Biomed Eng	Mechanics of the foot Part 2: A coupled solid-fluid model to investigate blood transport in the pathologic foot.
Q2_haemorrhage_models	22981256	2012	Ann Thorac Surg	Computational analysis of hybrid Norwood circulation with distal aortic arch obstruction and reverse Blalock-Taussig shunt.
Q2_haemorrhage_models	22859315	2012	Toxicol Sci	A pharmacokinetic model of cis- and trans-permethrin disposition in rats and humans with aggregate exposure application.
Q2_haemorrhage_models	22796538	2012	Am J Physiol Heart Circ Physiol	Electrical communication in branching arterial networks.
Q2_haemorrhage_models	22777421	2012	Am J Physiol Heart Circ Physiol	A lumped parameter model of cerebral blood flow control combining cerebral autoregulation and neurovascular coupling.
Q2_haemorrhage_models	22527800	2012	J Nucl Cardiol	Quantification of regional myocardial blood flow estimation with three-dimensional dynamic rubidium-82 PET and modified spillover correction model.
Q2_haemorrhage_models	22516855	2012	J Biomech	Experimental validation of a pulse wave propagation model for predicting hemodynamics after vascular access surgery.
Q2_haemorrhage_models	22214685	2011	Clin Hemorheol Microcirc	Quantitative evaluation of microvascular blood flow by contrast-enhanced ultrasound (CEUS).
Q2_haemorrhage_models	22140626	2011	Pulm Circ	Blood flow redistribution and ventilation-perfusion mismatch during embolic pulmonary arterial occlusion.
Q2_haemorrhage_models	21972076	2011	J Magn Reson Imaging	Determination of cranio-spinal canal compliance distribution by MRI: Methodology and early application in idiopathic intracranial hypertension.
Q2_haemorrhage_models	21908792	2012	Math Med Biol	Growth of necrotic cores in atherosclerotic plaque.
Q2_haemorrhage_models	21899834	2011	Comput Biol Med	Simulated temperature distribution of the proximal forearm.
Q2_haemorrhage_models	21871834	2012	Med Eng Phys	The role of blood flow distribution in the regulation of cerebral oxygen availability in fetal growth restriction.
Q2_haemorrhage_models	21787934	2011	J Dairy Sci	Effects of ruminal ammonia and butyrate concentrations on reticuloruminal epithelial blood flow and volatile fatty acid absorption kinetics under washed reticulorumen conditions in lactating dairy cows.
Q2_haemorrhage_models	21721352	2011	Undersea Hyperb Med	Predictions from a mathematical model of decompression compared to Doppler scores.
Q2_haemorrhage_models	21584718	2011	J Pharmacokinet Pharmacodyn	Development of appropriate equations for physiologically based pharmacokinetic modeling of permeability-limited and flow-limited transport.
Q2_haemorrhage_models	21549622	2011	Eur J Vasc Endovasc Surg	Computational study of haemodynamic effects of entry- and exit-tear coverage in a DeBakey type III aortic dissection: technical report.
Q2_haemorrhage_models	21494899	2012	Int J Biometeorol	Relationship between mean body temperature calculated by two- or three-compartment models and active cutaneous vasodilation in humans: a comparison between cool and warm environments during leg exercise.
Q2_haemorrhage_models	21445808	2011	Adv Exp Med Biol	Hemoglobin and myoglobin contributions to skeletal muscle oxygenation in response to exercise.
Q2_haemorrhage_models	21347555	2011	J Nucl Cardiol	Myocardial perfusion reserve compared with peripheral perfusion reserve: a [13N]ammonia PET study.
Q2_haemorrhage_models	21292845	2011	J Appl Physiol (1985)	The interdependent contributions of gravitational and structural features to perfusion distribution in a multiscale model of the pulmonary circulation.
Q2_haemorrhage_models	21262484	2011	C R Biol	Mathematical modeling of energy metabolism and hemodynamics of WHO grade II gliomas using in vivo MR data.
Q2_haemorrhage_models	21141673	2010	Mol Cell Biomech	Computer simulations of atherosclerotic plaque growth in coronary arteries.
Q2_haemorrhage_models	21061250	2011	Catheter Cardiovasc Interv	Computational fluid dynamic simulations of aortic coarctation comparing the effects of surgical- and stent-based treatments on aortic compliance and ventricular workload.
Q2_haemorrhage_models	21044855	2011	Med Eng Phys	Modelling of pulsatile blood flow in arterial trees of retinal vasculature.
Q2_haemorrhage_models	21039903	2010	Skin Res Technol	The colour of blood in skin: a comparison of Allen's test and photonics simulations.
Q2_haemorrhage_models	20819429	2010	J Int Med Res	Experimental study on angiogenesis in a rabbit VX2 early liver tumour by perfusion computed tomography.
Q2_haemorrhage_models	20815639	2010	J Biomech Eng	Outflow conditions for image-based hemodynamic models of the carotid bifurcation: implications for indicators of abnormal flow.
Q2_haemorrhage_models	20665072	2010	Acta Biotheor	In silico study of the influence of intensity and duration of blood flow reduction on cell death through necrosis or apoptosis during acute ischemic stroke.
Q2_haemorrhage_models	20588478	2010	Opt Express	Assessment of the use of a diffuser in propagation-based x-ray phase contrast imaging.
Q2_haemorrhage_models	20561640	2010	J Thorac Cardiovasc Surg	Cavopulmonary assist for the univentricular Fontan circulation: von Kármán viscous impeller pump.
Q2_haemorrhage_models	20534869	2010	Am J Physiol Renal Physiol	Nitric oxide and superoxide transport in a cross section of the rat outer medulla. I. Effects of low medullary oxygen tension.
Q2_haemorrhage_models	20511412	2010	Am J Physiol Heart Circ Physiol	Divergent effects of low-O(2) tension and iloprost on ATP release from erythrocytes of humans with type 2 diabetes: implications for O(2) supply to skeletal muscle.
Q2_haemorrhage_models	20508319	2010	Phys Med Biol	Estimation of the viscoelastic properties of vessel walls using a computational model and Doppler ultrasound.
Q2_haemorrhage_models	20448298	2010	Biorheology	Red blood cell migration in microvessels.
Q2_haemorrhage_models	20382861	2010	Am J Physiol Heart Circ Physiol	VEGF and soluble VEGF receptor-1 (sFlt-1) distributions in peripheral arterial disease: an in silico model.
Q2_haemorrhage_models	20337602	2010	Acta Ophthalmol	A study comparing ocular pressure pulse and ocular fundus pulse in dependence of axial eye length and ocular volume.
Q2_haemorrhage_models	20073020	2010	Rev Neurol	[Perfusion by magnetic resonance imaging: its physical foundations and clinical application].
Q2_haemorrhage_models	19958111	2009	Curr Eye Res	Computational analysis of oxygen transport in the retinal arterial network.
Q2_haemorrhage_models	19947501	2009	Sheng Wu Yi Xue Gong Cheng Xue Za Zhi	[A five-element lumped-parameter model for cerebral blood flow autoregulation].
Q2_haemorrhage_models	19945160	2010	Placenta	A mathematical model of intervillous blood flow in the human placentone.
Q2_haemorrhage_models	19945159	2010	Placenta	Blood flow volume of uterine arteries in human pregnancies determined using 3D and bi-dimensional imaging, angio-Doppler, and fluid-dynamic modeling.
Q2_haemorrhage_models	19802891	2009	Lasers Surg Med	Simulations of measured photobleaching kinetics in human basal cell carcinomas suggest blood flow reductions during ALA-PDT.
Q2_haemorrhage_models	19673191	2009	Med Phys	Pharmacokinetic analysis of tissue microcirculation using nested models: multimodel inference and parameter identifiability.
Q2_haemorrhage_models	20821118	2009	Radiol Phys Technol	Investigation on the optimal position for the quantification of hepatic perfusion by use of dynamic contrast-enhanced computed tomography in rats.
Q2_haemorrhage_models	19468774	2009	Med Biol Eng Comput	Dynamics of pulsatile flow in fractal models of vascular branching networks.
Q2_haemorrhage_models	19427415	2009	Respir Physiol Neurobiol	Could beaked whales get the bends? Effect of diving behaviour and physiology on modelled gas exchange for three species: Ziphius cavirostris, Mesoplodon densirostris and Hyperoodon ampullatus.
Q2_haemorrhage_models	19237340	2009	IEEE Trans Biomed Eng	Integrated model of endothelial NO regulation and systemic circulation for the comparison between pulsatile and continuous perfusion.
Q2_haemorrhage_models	19114202	2008	J Thorac Cardiovasc Surg	The sinus of Valsalva relieves abnormal stress on aortic valve leaflets by facilitating smooth closure.
Q2_haemorrhage_models	19028725	2009	Cardiovasc Res	Origins of heterogeneity in tissue perfusion and metabolism.
Q2_haemorrhage_models	18829894	2009	Am J Physiol Cell Physiol	Role of NADH/NAD+ transport activity and glycogen store on skeletal muscle energy metabolism during exercise: in silico studies.
Q2_haemorrhage_models	18829372	2009	Med Eng Phys	Model analysis of local oxygen delivery with liposome-encapsulated hemoglobin.
Q2_haemorrhage_models	18803264	2009	J Pharm Sci	A combined pharmacokinetic-pharmacodynamic (PK-PD) model for tumor growth in the rat with UFT administration.
Q2_haemorrhage_models	18532862	2008	J Biomech Eng	Numerical analysis of the cooling effect of blood over inflamed atherosclerotic plaque.
Q2_haemorrhage_models	18532861	2008	J Biomech Eng	Lumped parameter thermal model for the study of vascular reactivity in the fingertip.
Q2_haemorrhage_models	18490053	2008	Placenta	Simulated sequential laser therapy of twin-twin transfusion syndrome.
Q2_haemorrhage_models	18434260	2008	Respir Physiol Neurobiol	Modelling pulmonary blood flow.
Q2_haemorrhage_models	18372695	2007	J Gravit Physiol	Model study of the effects of interactions between systemic and peripheral circulation on interstitial fluid balance.
Q2_haemorrhage_models	18334391	2008	IEEE Trans Biomed Eng	A novel angiographic methodology for the quantification of angiogenesis.
Q2_haemorrhage_models	18301912	2008	Eur J Appl Physiol	A quantitative assessment of skin blood flow in humans.
Q2_haemorrhage_models	18294788	2008	Int J Pharm	Effect of vasoactive agents on the dermatopharmacokinetics and systemic disposition of model compounds, salicylate and FITC-dextran 4 kDa, following intracutaneous injection of the compounds.
Q2_haemorrhage_models	18290343	2008	Adv Exp Med Biol	Muscle oxygen uptake differs from consumption dynamics during transients in exercise.
Q2_haemorrhage_models	18208679	2007	Dan Med Bull	Human brain mapping under increasing cognitive complexity using regional cerebral blood flow measurements and positron emission tomography.
Q2_haemorrhage_models	18182988	2008	Br J Cancer	Vascular disrupting action of electroporation and electrochemotherapy with bleomycin in murine sarcoma.
Q2_haemorrhage_models	18068201	2008	Microvasc Res	Interactions of blood cell constituents: experimental investigation and computational modeling by discrete particle dynamics algorithm.
Q2_haemorrhage_models	17946555	2006	Conf Proc IEEE Eng Med Biol Soc	Angiographic assessment of the performance of flow divertors to treat cerebral aneurysms.
Q2_haemorrhage_models	17936799	2007	J Theor Biol	Can carotid body perfusion act as a respiratory controller?
Q2_haemorrhage_models	17890434	2007	Am J Physiol Heart Circ Physiol	Skeletal muscle VEGF gradients in peripheral arterial disease: simulations of rest and exercise.
Q2_haemorrhage_models	17884927	2007	J Physiol	Insulin and contraction increase nutritive blood flow in rat muscle in vivo determined by microdialysis of L-[14C]glucose.
Q2_haemorrhage_models	17823043	2007	Ann Vasc Surg	Surgical feasibility study of a novel polytetrafluoroethylene graft design for the treatment of peripheral arterial disease.
Q2_haemorrhage_models	17761787	2007	J Appl Physiol (1985)	Integration of jugular venous return and circle of Willis in a theoretical human model of selective brain cooling.
Q2_haemorrhage_models	17699315	2006	Clin J Am Soc Nephrol	Influence of luminal diameters on flow surveillance of hemodialysis grafts: insights from a mathematical model.
Q2_haemorrhage_models	17664556	2007	Phys Med Biol	HIFU procedures at moderate intensities--effect of large blood vessels.
Q2_haemorrhage_models	17525296	2007	J Appl Physiol (1985)	Flow-induced shear strain in intima of porcine coronary arteries.
Q2_haemorrhage_models	17431751	2007	J Pharmacokinet Pharmacodyn	Development of a physiology-based whole-body population model for assessing the influence of individual variability on the pharmacokinetics of drugs.
Q2_haemorrhage_models	17418241	2007	Microvasc Res	Effect of chaotic vasomotion in skeletal muscle on tissue oxygenation.
Q2_haemorrhage_models	17351428	2007	Invest Radiol	Assessment of hepatic perfusion in transplanted livers by pharmacokinetic analysis of dynamic magnetic resonance measurements.
Q2_haemorrhage_models	17249326	2007	Indian J Exp Biol	Blood flow regulation in the cerebral microvasculature with an arcadal network: a numerical simulation.
Q2_haemorrhage_models	17196211	2007	J Biomech	Parametric geometry exploration of the human carotid artery bifurcation.
Q2_haemorrhage_models	17086494	2006	Bull Math Biol	The role of counter-current exchange in preventing hypoxia in skeletal muscle.
Q2_haemorrhage_models	17048027	2006	Med Biol Eng Comput	Theoretical modeling of micro-scale biological phenomena in human coronary arteries.
Q2_haemorrhage_models	17038439	2007	Am J Physiol Regul Integr Comp Physiol	Hemodynamic analysis of Hyrtl anastomosis in human placenta.
Q2_haemorrhage_models	17032878	2006	AJNR Am J Neuroradiol	Comparing perfusion metrics obtained from a single compartment versus pharmacokinetic modeling methods using dynamic susceptibility contrast-enhanced perfusion MR imaging with glioma grade.
Q2_haemorrhage_models	16897017	2006	J Math Biol	Mathematical model of nitric oxide convection and diffusion in a renal medullary vas rectum.
Q2_haemorrhage_models	16794933	2006	Bull Math Biol	Model-based analysis of mechanisms responsible for sleep-induced carbon dioxide differences.
Q2_haemorrhage_models	16794931	2006	Bull Math Biol	Modeling brain energy metabolism and function: a multiparametric monitoring approach.
Q2_haemorrhage_models	16781203	2007	Respir Physiol Neurobiol	Middle ear gas loss in inflammatory conditions: the role of mucosa thickness and blood flow.
Q2_haemorrhage_models	16778066	2006	Am J Physiol Regul Integr Comp Physiol	Abnormal arterial flows by a distributed model of the fetal circulation.
Q2_haemorrhage_models	16636861	2006	Eur J Appl Physiol	Relating pulmonary oxygen uptake to muscle oxygen consumption at exercise onset: in vivo and in silico studies.
Q2_haemorrhage_models	16617135	2006	Am J Physiol Heart Circ Physiol	Inward rectifying potassium channels facilitate cell-to-cell communication in hamster retractor muscle feed arteries.
Q2_haemorrhage_models	16413035	2006	J Theor Biol	Mathematical model for the estimation of hemodynamic and oxygenation variables by tissue spectroscopy.
Q2_haemorrhage_models	16253859	2005	Acad Radiol	Investigation of the relative effects of vascular branching structure and gravity on pulmonary arterial blood flow heterogeneity via an image-based computational model.
Q2_haemorrhage_models	16227655	2005	Biorheology	Theoretical approach to blood ejection from the human left ventricle.
Q2_haemorrhage_models	16193924	2005	Aviakosm Ekolog Med	[Growth dynamics and the largest size of gas bubbles emerging in body tissues due to decompression].
Q2_haemorrhage_models	16156292	2005	ASAIO J	Computational hemodynamics of an implanted coronary stent based on three-dimensional cine angiography reconstruction.
Q2_haemorrhage_models	16081107	2006	J Theor Biol	A new method to model change in cutaneous blood flow due to mechanical skin irritation part I: comparison between experimental and numerical data.
Q2_haemorrhage_models	16055978	2005	Technol Health Care	Simulation model for flow of neutrophils in pulmonary capillary network.
Q2_haemorrhage_models	16052117	2005	Anesthesiology	A physiologically based, recirculatory model of the kinetics and dynamics of propofol in man.
Q2_haemorrhage_models	16002449	2005	J Physiol	Defining electrical communication in skeletal muscle resistance arteries: a computational approach.
Q2_haemorrhage_models	15996364	2005	Vascular	Experimental force measurements on a bifurcated endoluminal stent graft model: comparison with theory.
Q2_haemorrhage_models	15941665	2006	Med Eng Phys	The role of the arterial prestress in blood flow dynamics.
Q2_haemorrhage_models	15854674	2005	Math Biosci	A physiological model of cerebral blood flow control.
Q2_haemorrhage_models	15749090	2005	Comput Biol Med	Thermoregulatory model for prediction of long-term cold exposure.
Q2_haemorrhage_models	15691540	2005	Bull Math Biol	A mathematical model of Doxorubicin treatment efficacy for non-Hodgkin's lymphoma: investigation of the current protocol through theoretical modelling results.
Q2_haemorrhage_models	15539613	2005	Am J Physiol Regul Integr Comp Physiol	Modeling a hydropic recipient twin in twin-twin transfusion syndrome.
Q2_haemorrhage_models	15513952	2005	Am J Physiol Gastrointest Liver Physiol	Epinephrine induces tissue perfusion deficit in porcine endotoxin shock: evaluation by regional CO(2) content gradients and lactate-to-pyruvate ratios.
Q2_haemorrhage_models	15504953	2004	Diabetes	Physiological hyperinsulinemia in dogs augments access of macromolecules to insulin-sensitive tissues.
Q2_haemorrhage_models	15382829	2004	Physiol Meas	A physiologically representative in vitro model of the coronary circulation.
Q2_haemorrhage_models	15382827	2004	Physiol Meas	A computational study of the interaction between coronary blood flow and myocardial mechanics.
Q2_haemorrhage_models	15319199	2004	Am J Physiol Heart Circ Physiol	Effect of sepsis on skeletal muscle oxygen consumption and tissue oxygenation: interpreting capillary oxygen transport data using a mathematical model.
Q2_haemorrhage_models	15239241	2004	Hepatogastroenterology	133Xe clearance estimates the effect of vasopressin on peritoneal blood flow in rats.
Q2_haemorrhage_models	15143916	2004	Hepatogastroenterology	Blood flow in liver tumors--effects of vasoactive drugs estimated with xenon (133Xe) clearance.
Q2_haemorrhage_models	14973531	2004	Int J Impot Res	Cavernosometry: a theoretical analysis.
Q2_haemorrhage_models	14695134	2003	Clin Cancer Res	Assessment of inter- and intrapatient variability in C15O2 positron emission tomography measurements of blood flow in patients with intra-abdominal cancers.
Q2_haemorrhage_models	14656752	2004	Am J Respir Crit Care Med	A mathematical model of tissue-blood carbon dioxide exchange during hypoxia.
Q2_haemorrhage_models	14602864	2003	J Nucl Med	Changes in blood flow and metabolism in locally advanced breast cancer treated with neoadjuvant chemotherapy.
Q2_haemorrhage_models	14575659	2003	J Theor Biol	A cellular automaton model for tumour growth in inhomogeneous environment.
Q2_haemorrhage_models	12958062	2004	Am J Physiol Regul Integr Comp Physiol	Alpha-adrenergic vascular responsiveness to sympathetic nerve activity is intact after head-down bed rest in humans.
Q2_haemorrhage_models	12878243	2003	Ultrasound Med Biol	Multigated contrast-enhanced power Doppler to measure blood flow in mice tumors.
Q2_haemorrhage_models	12808351	2003	J Vasc Res	Conducted vasoconstriction is reduced in a mouse model of sepsis.
Q2_haemorrhage_models	12750588	2003	Med Sci Sports Exerc	Free amino acid pool and muscle protein balance after resistance exercise.
Q2_haemorrhage_models	12670835	2003	Am J Physiol Endocrinol Metab	Basal and dynamic proinsulin-insulin relationship to assess beta-cell function during OGTT in metabolic disorders.
Q2_haemorrhage_models	12589482	2003	Skeletal Radiol	Dynamic gadolinium-enhanced MRI evaluation of porcine femoral head ischemia and reperfusion.
Q2_haemorrhage_models	12552666	1999	Sheng Wu Yi Xue Gong Cheng Xue Za Zhi	[A study of time-dependent blood flow distribution in ischemic myocardium and its dependence on perfusion pressure with modeling and emulation].
Q2_haemorrhage_models	12521937	2003	Am J Physiol Heart Circ Physiol	A new method for assessing arteriolar diameter and hemodynamic resistance using image analysis of vessel lumen.
Q2_haemorrhage_models	12518300	2003	Mov Disord	Limb-kinetic apraxia in corticobasal degeneration: clinical and kinematic features.
Q2_haemorrhage_models	12498937	2002	Ultrasound Med Biol	A transfer function-based mathematical model of the fetal-placental circulation.
Q2_haemorrhage_models	12483417	2003	Eur J Nucl Med Mol Imaging	Quantitation of the regional blood flow in the interventricular septum using positron emission tomography and nitrogen-13 ammonia.
Q2_haemorrhage_models	12414257	2002	Neuroimage	A model of the coupling between brain electrical activity, metabolism, and hemodynamics: application to the interpretation of functional neuroimaging.
Q2_haemorrhage_models	12403644	2002	Clin Pharmacokinet	Ontogeny of hepatic and renal systemic clearance pathways in infants: part II.
Q2_haemorrhage_models	12216417	2002	Bull Math Biol	Mathematical modelling of flow through vascular networks: implications for tumour-induced angiogenesis and chemotherapy strategies.
Q2_haemorrhage_models	12216415	2002	Bull Math Biol	Modelling blood flow regulation by nitric oxide in psoriatic plaques.
Q2_haemorrhage_models	12186707	2002	Comput Methods Biomech Biomed Engin	The effect of perfusion on soft tissue mechanical properties: a computational model.
Q2_haemorrhage_models	12162711	2002	J Pharm Pharmacol	A pharmacokinetic model for analysis of drug disposition profiles undergoing enterohepatic circulation.
Q2_haemorrhage_models	12124641	2002	Bull Exp Biol Med	Possibility of linear dependence between vascular wall tension and blood flow in precortical arterioles.
Q2_haemorrhage_models	12075965	2002	IEEE Trans Ultrason Ferroelectr Freq Control	Frequency dependence of speckle in continuous-wave ultrasound with implications for blood perfusion measurements.
Q2_haemorrhage_models	12029328	2002	Eur Biophys J	Modeling combined transport of water and test macromolecules across the glomerular capillary barrier: dynamics of the permselectivity.
Q2_haemorrhage_models	11979327	2002	Int J Impot Res	Validation of a continuous penile blood-flow measurement by pulse-volume-plethysmography.
Q2_haemorrhage_models	11844247	2002	Neurosurgery	Adaptation of cerebral circulation to brain arteriovenous malformations increases feeding artery pressure and decreases regional hypotension.
Q2_haemorrhage_models	11771974	2002	Neuroimage	Simulating transcranial magnetic stimulation during PET with a large-scale neural network model of the prefrontal cortex and the visual system.
Q2_haemorrhage_models	11556674	2001	Physiol Meas	Modelling couplings among the oscillators of the cardiovascular system.
Q2_haemorrhage_models	11494081	2001	Int J Impot Res	Development of a mathematical model for the prediction of the area of venous leak.
Q2_haemorrhage_models	11484443	2001	Ultraschall Med	Impaired compliance of the intracranial vessels in complicated childhood migraine. Demonstration by transcranial Doppler-sonography--a vascular model approach.
Q2_haemorrhage_models	11438633	2001	J Nucl Med	Assessment of porcine bone metabolism by dynamic.
Q2_haemorrhage_models	11401461	2001	J Theor Biol	A computational study of the effect of vasomotion on oxygen transport from capillary networks.
Q2_haemorrhage_models	11210096	2000	Ann Nucl Med	A new method to estimate rCBF using IMP and SPECT without any blood sampling.
Q2_haemorrhage_models	11182774	2001	Echocardiography	Blood flow assessment by ultrasound-induced destruction of echocontrast agents using harmonic power Doppler imaging: which parameters determine contrast replenishment curves?
Q2_haemorrhage_models	11150756	2000	Clin Positron Imaging	9:30-9:45. First Pass FDG Measured Blood Flow in Tumors: A Comparison with O-15 Labeled Water Measured Blood Flow.
Q2_haemorrhage_models	11105289	2000	J Med Eng Technol	Computational modelling of blood flow through curved stenosed arteries.
Q2_haemorrhage_models	11098981	2000	Crit Care Med	Comparison of the response of saline tonometry and an automated gas tonometry device to a change in CO2.
Q2_haemorrhage_models	10966756	2000	J Theor Biol	A computational study of the effect of capillary network anastomoses and tortuosity on oxygen transport.
Q2_haemorrhage_models	10946065	2000	Cardiovasc Res	Structural basis of regional dysfunction in acutely ischemic myocardium.
Q2_haemorrhage_models	10894562	2000	Nucl Med Commun	Assessment of hepatic blood flow by PET with 15O water: correlation between per-rectal portal scintigraphy with 99Tc(m)-pertechnetate and scintigraphy with 99Tc(m)-GSA.
Q2_haemorrhage_models	10807993	2000	J Biomech	Numerical study on the effect of secondary flow in the human aorta on local shear stresses in abdominal aortic branches.
Q2_haemorrhage_models	10720452	2000	J Surg Res	Use of mathematical model to predict hemodynamics in cavopulmonary anastomosis with persistent forward flow.
Q2_haemorrhage_models	10708775	2000	J Biomech	Computational model of the fluid dynamics in systemic-to-pulmonary shunts.
Q2_haemorrhage_models	10686439	2000	Blood Purif	Analysis of urea nitrogen and creatinine kinetics in hemodialysis: comparison of a variable-volume two-compartment model with a regional blood flow model and investigation of an appropriate solute kinetics model for clinical application.
Q2_haemorrhage_models	10667723	2000	ASAIO J	Simulation study of the intercompartmental fluid shifts during hemodialysis.
Q2_haemorrhage_models	10658002	2000	J Appl Physiol (1985)	An oral essential amino acid-carbohydrate supplement enhances muscle protein anabolism after resistance exercise.
Q2_haemorrhage_models	10634363	2000	J Clin Endocrinol Metab	Androstenedione does not stimulate muscle protein anabolism in young healthy men.
Q2_haemorrhage_models	10622749	1999	J Crit Care	A model analysis of lactate accumulation during muscle ischemia.
Q2_haemorrhage_models	10600833	1999	Am J Physiol	A hemodynamic analysis of coronary capillary blood flow based on anatomic and distensibility data.
Q2_haemorrhage_models	10600828	1999	Am J Physiol	Role of K+ATP channels in local metabolic coronary vasodilation.
Q2_haemorrhage_models	10211809	1999	Phys Med Biol	Blind estimation of compartmental model parameters.
Q2_haemorrhage_models	10199942	1999	Eur J Nucl Med	Evaluation of flow characteristics of soft-tissue vascular malformations using technetium-99m labelled red blood cells.
Q2_haemorrhage_models	10194710	1999	J Magn Reson Imaging	Use of the mean transit time of an intravascular contrast agent as an exchange-insensitive index of myocardial perfusion.
Q2_haemorrhage_models	9887020	1999	Am J Physiol	Total arterial inertance as the fourth element of the windkessel model.
Q2_haemorrhage_models	9885619	1999	Radiology	Regional blood flow, capillary permeability, and compartmental volumes: measurement with dynamic CT--initial experience.
Q2_haemorrhage_models	9831086	1998	ASAIO J	Influence of catheter and arterial diameter on flow distal to an intra-aortic balloon insertion site: a theoretic examination and in vitro assessment.
Q2_haemorrhage_models	9828162	1998	Microvasc Res	Vasomotion and blood flow regulation in hamster skeletal muscle microcirculation: A theoretical and experimental study.
Q2_haemorrhage_models	9796688	1998	J Biomech	Optimal patterns for suturing wounds.
Q2_haemorrhage_models	9790821	1998	J Surg Res	Cancer reduces the metabolic response of muscle to surgical stress in the rat.
Q2_haemorrhage_models	9727337	1998	J Biomech	Mechanical blood-tissue interaction in contracting muscles: a model study.
Q2_haemorrhage_models	9702711	1998	Magn Reson Med	Quantification of myocardial perfusion by MRI after coronary occlusion.
Q2_haemorrhage_models	9685141	1998	J Vasc Surg	Hemodynamics of human carotid artery bifurcations: computational studies with models reconstructed from magnetic resonance imaging of normal subjects.
Q2_haemorrhage_models	9683420	1998	Am J Physiol	Structural adaptation and stability of microvascular networks: theory and simulations.
Q2_haemorrhage_models	9630462	1998	Toxicol Appl Pharmacol	A CFD-PBPK hybrid model for simulating gas and vapor uptake in the rat nose.
Q2_haemorrhage_models	9430479	1997	J Nucl Med	Fluoride kinetics of the axial skeleton measured in vivo with fluorine-18-fluoride PET.
Q2_haemorrhage_models	9409016	1997	Australas Phys Eng Sci Med	A computational model for blood flow through highly curved arteries with asymmetric stenoses.
Q2_haemorrhage_models	9408869	1997	J Reprod Med	Twin-twin transfusion syndrome. Three possible pathophysiologic mechanisms.
Q2_haemorrhage_models	9328801	1997	Hypertens Res	Preferential changes in hepatosplanchnic hemodynamics in patients with borderline hypertension.
Q2_haemorrhage_models	9326122	1997	Ann R Coll Surg Engl	Blood flow measurements in lower limb arteries using duplex ultrasound.
Q2_haemorrhage_models	9321819	1997	Am J Physiol	K+ATP channels and adenosine are not necessary for coronary autoregulation.
Q2_haemorrhage_models	9302672	1997	Med Eng Phys	Mathematical modelling of the human foetal cardiovascular system based on Doppler ultrasound data.
Q2_haemorrhage_models	9246856	1997	Med Biol Eng Comput	Understanding utero-placental blood flow in normal and hypertensive pregnancy through a mathematical model.
Q2_haemorrhage_models	9100862	1997	Ann N Y Acad Sci	Thermal role of a blood vessel running through a temperature gradient.
Q2_haemorrhage_models	8998159	1997	J Nucl Med	Oxygen-15-water PET assessment of muscular blood flow in peripheral vascular disease.
Q2_haemorrhage_models	8978388	1997	J Cereb Blood Flow Metab	A model for the coupling between cerebral blood flow and oxygen metabolism during neural stimulation.
Q2_haemorrhage_models	8959109	1996	J Theor Biol	Exponentially tapered T-tube model in the characterization of arterial non-uniformity.
Q2_haemorrhage_models	8944672	1996	Am J Physiol	Extracellular glucose distribution is not altered by insulin: analysis of plasma and interstitial L-glucose kinetics.
Q2_haemorrhage_models	8866549	1996	Diabetes	Evidence for dissociation of insulin stimulation of blood flow and glucose uptake in human skeletal muscle: studies using [15O]H2O, [18F]fluoro-2-deoxy-D-glucose, and positron emission tomography.
Q2_haemorrhage_models	8873663	1996	Circulation	Precapillary servo control of blood pressure and postcapillary adjustment of flow to tissue metabolic status. A new paradigm for local perfusion regulation.
Q2_haemorrhage_models	8897962	1996	Am J Physiol	Modeling regional myocardial flows from residue functions of an intravascular indicator.
Q2_haemorrhage_models	8741510	1996	Kaku Igaku	[Validation study in quantitative measurement of regional cerebral blood flow using N-isopropyl-p-[123I]iodoamphetamine (123I-IMP) and SPECT].
Q2_haemorrhage_models	8734057	1996	Ann Biomed Eng	Modeling blood flow heterogeneity.
Q2_haemorrhage_models	8721701	1996	Cathet Cardiovasc Diagn	Role of oximeter error in the diagnosis of shunts.
Q2_haemorrhage_models	8778577	1996	Microvasc Res	Theoretical analysis of complex oscillations in multibranched microvascular networks.
Q2_haemorrhage_models	8619188	1996	Surgery	An animal model for measurement of protein metabolism in the skin.
Q2_haemorrhage_models	8720805	1996	Pharmazie	An in vitro perfusion model for the determination of absorption properties of drugs in isolated rat small intestine.
Q2_haemorrhage_models	8839024	1996	J Biomech	A numerical fluid mechanical study of repaired congenital heart defects. Application to the total cavopulmonary connection.
Q2_haemorrhage_models	8679502	1996	Front Med Biol Eng	A compartmental brain model for chemical transport and CO2 controlled blood flow.
Q2_haemorrhage_models	8719984	1995	Nucl Med Commun	Can the microsphere model by applied to cerebral blood flow measurement using N-isopropyl-p-[123I]iodoamphetamine with SPET regardless of washout from brain tissue?
Q2_haemorrhage_models	8584640	1995	Radiologe	[Fast MRI contrast medium dynamics for characterization of tumors. Experiences with functional MR-mammography].
Q2_haemorrhage_models	7594072	1995	J Am Coll Cardiol	Noninvasive quantification of regional myocardial flow reserve in patients with coronary atherosclerosis using nitrogen-13 ammonia positron emission tomography. Determination of extent of altered vascular reactivity.
Q2_haemorrhage_models	8583955	1995	Microvasc Res	Pharmacologic modification of tumor blood flow and interstitial fluid pressure in a human tumor xenograft: network analysis and mechanistic interpretation.
Q2_haemorrhage_models	8592592	1995	Nephrol Dial Transplant	Higher Kt/V is needed for adequate dialysis if the treatment time is reduced. Insights from a blood flow distribution model.
Q2_haemorrhage_models	9417205	1995	J Am Soc Echocardiogr	Dynamics of systolic pulmonary venous flow in mitral regurgitation: mathematical modeling of the pulmonary venous system and atrium.
Q2_haemorrhage_models	7573523	1995	Am J Physiol	Comparison of myocardial ATP, blood flow, and cytosolic adenosine in demand ischemia and coronary occlusion.
Q2_haemorrhage_models	7592230	1995	J Appl Physiol (1985)	A mathematical model for measuring blood flow in skeletal muscle with the microdialysis ethanol technique.
Q2_haemorrhage_models	7669026	1995	Australas Phys Eng Sci Med	A mathematical study of blood flow through viscoelastic walled stenosed arteries.
Q2_haemorrhage_models	7662493	1995	Ann Nucl Med	Error analysis of table look-up method for cerebral blood flow measurement by 123I-IMP brain SPECT: comparison with conventional microsphere model method.
Q2_haemorrhage_models	7738048	1995	J Biomech	Hemodynamics of an artery with mild stenosis.
Q2_haemorrhage_models	7898337	1995	Med Sci Sports Exerc	Muscle O2 transport and O2 dependent control of metabolism.
Q2_haemorrhage_models	7898336	1995	Med Sci Sports Exerc	Muscle blood flow and distribution determine maximal VO2 of contracting muscle.
Q2_haemorrhage_models	7727823	1995	ASAIO J	Localization of atherosclerosis in arterial junctions. Concentration distribution of low density lipoproteins at the luminal surface in regions of disturbed flow.
Q2_haemorrhage_models	7605618	1995	Alzheimer Dis Assoc Disord	Kinetic analysis of regional (S)(-)11C-nicotine binding in normal and Alzheimer brains--in vivo assessment using positron emission tomography.
Q2_haemorrhage_models	7989987	1994	J Nucl Med	Quantitative mapping of regional cerebral blood flow using iodine-123-IMP and SPECT.
Q2_haemorrhage_models	7977799	1994	Am J Physiol	Functional origin of reflected pressure waves in a multibranched model of the human arterial system.
Q2_haemorrhage_models	7825374	1994	Z Kardiol	[Quantitative evaluation of myocardial perfusion with ultrafast magnetic resonance tomography].
Q2_haemorrhage_models	7731399	1994	Microvasc Res	A theoretical model for gas transport and acid/base regulation by blood flowing in microvessels.
Q2_haemorrhage_models	7532096	1994	Brain Res	The vascular response to nerve transection: neovascularization in the silicone nerve regeneration chamber.
Q2_haemorrhage_models	7952675	1994	Med Eng Phys	Exponentially tapered t-tube model of systemic arterial system in dogs.
Q2_haemorrhage_models	8002508	1994	J Appl Physiol (1985)	Simulation of cardiovascular response to lower body negative pressure from 0 to -40 mmHg.
Q2_haemorrhage_models	7982841	1994	J Anim Sci	Kinetics of splanchnic progesterone metabolism in ewes fed two levels of nutrition.
Q2_haemorrhage_models	8555598	1994	ASAIO J	Formal analytical solution to a regional blood flow and diffusion based urea kinetic model.
Q2_haemorrhage_models	7961251	1994	J Appl Physiol (1985)	Effect of lipid on inert gas kinetics.
Q2_haemorrhage_models	8203581	1994	Am J Physiol	Fluctuations in microvascular blood flow parameters caused by hemodynamic mechanisms.
Q2_haemorrhage_models	8063457	1994	Int J Biomed Comput	A mathematical model for blood flow through an arterial bifurcation.
Q2_haemorrhage_models	8106689	1994	J Am Coll Cardiol	Positron emission tomographic measurements of absolute regional myocardial blood flow permits identification of nonviable myocardium in patients with chronic myocardial infarction.
Q2_haemorrhage_models	8115452	1993	Philos Trans R Soc Lond B Biol Sci	Modelling the pressure and force equilibrium in unipennate muscles with in-line tendons.
Q2_haemorrhage_models	7512225	1993	Neurol Med Chir (Tokyo)	Theoretical and experimental assessment of the kinetic properties of N-isopropyl-p-[123I]iodoamphetamine in the human brain.
Q2_haemorrhage_models	8238597	1993	Am J Physiol	Mathematical model of blood flow in a coronary capillary.
Q2_haemorrhage_models	8264111	1993	Kaku Igaku	[A new graphic method for evaluation of distribution volume on N-isopropyl-p-[123I]iodoamphetamine (IMP) SPECT].
Q2_haemorrhage_models	8295439	1993	Med Biol Eng Comput	Rapid measurement of regional cerebral blood flow in the baboon using 15O-labelled water and dynamic positron emission tomography.
Q2_haemorrhage_models	8322378	1993	Stroke	Optimality principles and flow orderliness at the branching points of cerebral arteries.
Q2_haemorrhage_models	8258767	1993	J Pharmacokinet Biopharm	Tissue distribution of fentanyl and alfentanil in the rat cannot be described by a blood flow limited model.
Q2_haemorrhage_models	8335539	1993	J Appl Physiol (1985)	Contribution of tissue lipid to long xenon residence times in muscle.
Q2_haemorrhage_models	8321139	1993	Microvasc Res	Effect of diameter variability along a microvessel segment on pressure drop.
Q2_haemorrhage_models	8429061	1993	J Biomech	Nonlinear separation of forward and backward running waves in elastic conduits.
Q2_haemorrhage_models	8113632	1993	J Math Biol	Effects of blood flow, curved boundary and environmental conditions on temperature distribution in a two dimensional model of human skin and subcutaneous tissues.
Q2_haemorrhage_models	1400535	1992	J Biomech	Theoretical analysis of pressure pulse propagation in arterial vessels.
Q2_haemorrhage_models	1499107	1992	Circ Res	Comprehensive model of transport and metabolism of adenosine and S-adenosylhomocysteine in the guinea pig heart.
Q2_haemorrhage_models	1415586	1992	Am J Physiol	Three-dimensional reconstructed glomerular capillary network: blood flow distribution and local filtration.
Q2_haemorrhage_models	1625605	1992	Med Hypotheses	The DDT method: an alternative to the use of radiolabelled microspheres for the determination of regional blood flows in the rat.
Q2_haemorrhage_models	1583022	1992	J Biomech	A distributed model of exchange processes within the osteon.
Q2_haemorrhage_models	1373572	1992	Am J Physiol	A model of countercurrent shunting of oxygen in the intestinal villus.
Q2_haemorrhage_models	1730993	1992	J Nucl Med	A dual-radioisotope technique for the evaluation of penile blood flow during tumescence.
Q2_haemorrhage_models	1728489	1992	Circulation	Regional oxidative metabolism in patients after recovery from reperfused anterior myocardial infarction. Relation to regional blood flow and glucose uptake.
Q2_haemorrhage_models	1605090	1992	Acta Neurochir (Wien)	The hyperaemic response to a transient reduction in cerebral perfusion pressure. A modelling study.
Q2_haemorrhage_models	1594336	1992	Pediatr Res	The effect of extracorporeal membrane oxygenation on coronary perfusion and regional blood flow distribution.
Q2_haemorrhage_models	1581922	1992	Cardiologia	[The quantization of regional blood flow and volume with contrast echography: a mathematical model].
Q2_haemorrhage_models	1413265	1992	Ultrasound Med Biol	Modelling the feto-placental circulation: 1. A distributed network predicting umbilical haemodynamics throughout pregnancy.
Q2_haemorrhage_models	1942375	1991	J Vasc Surg	Computer simulation of blood flow patterns in arteries of various geometries.
Q2_haemorrhage_models	1876763	1991	Respir Physiol	Oxygen supply and uptake in tissue models with unequal distribution of blood flow and shunt.
Q2_haemorrhage_models	1848168	1991	Clin Sci (Lond)	Indocyanine green elimination in patients with liver disease and in normal subjects.
Q2_haemorrhage_models	2010373	1991	J Appl Physiol (1985)	Flow redistribution during progressive hemorrhage is a determinant of critical O2 delivery.
Q2_haemorrhage_models	1761583	1991	J Biomech	Mathematical modelling of flow through an irregular arterial stenosis.
Q2_haemorrhage_models	2280731	1990	Med Phys	Coronary perfusion pressure and inflow resistance have different influence on intramyocardial flows during coronary sinus interventions.
Q2_haemorrhage_models	2385625	1990	Phys Med Biol	Simulation of steady cardiovascular flow in the presence of stenosis using a finite element method.
Q2_haemorrhage_models	2362908	1990	Pharm Res	Percutaneous absorption of benzoic acid across human skin. II. Prediction of an in vivo, skin-flap system using in vitro parameters.
Q2_haemorrhage_models	2312957	1990	J Am Coll Cardiol	Noninvasive quantification of regional blood flow in the human heart using N-13 ammonia and dynamic positron emission tomographic imaging.
Q2_haemorrhage_models	2097369	1990	J Postgrad Med	Impedance plethysmography: basic principles.
Q2_haemorrhage_models	2271765	1990	Biorheology	Pulsatile flow of power-law fluid model for blood flow under periodic body acceleration.
Q2_haemorrhage_models	2633407	1989	Tohoku J Exp Med	Quantitative measurement of renal plasma flow by positron emission tomography with oxygen-15 water.
Q2_haemorrhage_models	2603991	1989	Am J Physiol	Microvascular exchange and interstitial volume regulation in the rat: implications of the model.
Q2_haemorrhage_models	2697601	1989	Fiziol Zh SSSR Im I M Sechenova	[Local circulatory regulation: the characteristics of the behavior of vascular smooth muscles].
Q2_haemorrhage_models	2486371	1989	J Biomech Eng	Fluid flow and plaque formation in an aortic bifurcation.
Q2_haemorrhage_models	2732186	1989	J Appl Physiol (1985)	Estimation of blood flow distribution in skeletal muscle from inert gas washout.
Q2_haemorrhage_models	2926188	1989	Int J Hyperthermia	Heat loss and blood flow during hyperthermia in normal canine brain. II: Mathematical model.
Q2_haemorrhage_models	2912175	1989	Am J Physiol	Microvascular rarefaction and tissue vascular resistance in hypertension.
Q2_haemorrhage_models	2804272	1989	Biorheology	Momentum integral method for studying flow characteristics of blood through a stenosed vessel.
Q2_haemorrhage_models	2779302	1989	Med Biol Eng Comput	Pulsating blood flow in an initially stressed, anisotropic elastic tube: linear approximation of pressure waves.
Q2_haemorrhage_models	2774311	1989	Ann Biomed Eng	The Korotkoff sound.
Q2_haemorrhage_models	2708391	1989	J Biomech	Role of physical properties of resistance vessel wall in regulating peripheral blood flow--II. Structural and mechanical behavior.
Q2_haemorrhage_models	2605355	1989	Biomater Artif Cells Artif Organs	Peritoneal oxygenation. A feasibility analysis.
Q2_haemorrhage_models	3231069	1988	Magn Reson Med	Multicompartment analysis of blood flow and tissue perfusion employing D2O as a freely diffusible tracer: a novel deuterium NMR technique demonstrated via application with murine RIF-1 tumors.
Q2_haemorrhage_models	3202212	1988	Am J Physiol	Intrarenal blood flow distribution in dog kidney determined by 99mTc microaggregates and 201Tl.
Q2_haemorrhage_models	3142888	1988	J Cereb Blood Flow Metab	Linearization correction of 99mTc-labeled hexamethyl-propylene amine oxime (HM-PAO) image in terms of regional CBF distribution: comparison to C15O2 inhalation steady-state method measured by positron emission tomography.
Q2_haemorrhage_models	3205016	1988	J Biomech Eng	Flow measurements in an atherosclerotic curved, tapered femoral artery model of man.
Q2_haemorrhage_models	2465441	1988	J Cardiovasc Pharmacol	Effects of calcium antagonists on myogenic and neurogenic control of resistance and capacitance vessels in cat skeletal muscle.
Q2_haemorrhage_models	3225267	1988	J Biomech	Analysis of flow and vascular resistance in a model of the circle of Willis.
Q2_haemorrhage_models	3142313	1988	Ann Biomed Eng	CO2 control of the respiratory system: plant dynamics and stability analysis.
Q2_haemorrhage_models	3076804	1988	Biorheology	Reverse flow in the major infrarenal vessels--a capacitive phenomenon.
Q2_haemorrhage_models	2468910	1988	J Cardiovasc Pharmacol	Is the increased responsiveness to verapamil in the forearm resistance vessels of patients with hypertension a consequence of structural change?
Q2_haemorrhage_models	3428422	1987	Fiziol Zh SSSR Im I M Sechenova	[Structural and functional organization of the microcirculatory bed of the frog and rat mesentery].
Q2_haemorrhage_models	3690407	1987	Can J Physiol Pharmacol	Analysis of venous flow transients for estimation of vascular resistance, compliance, and blood flow distribution.
Q2_haemorrhage_models	3654472	1987	J Appl Physiol (1985)	Estimation of amount of stationary pulmonary blood from carbon monoxide uptake measurements.
Q2_haemorrhage_models	3615584	1987	Phys Med Biol	Mathematical circulation model for the blood-flow-heat-loss relationship in the rat tail.
Q2_haemorrhage_models	3604713	1987	Acta Physiol Scand	The microsphere method for measuring low blood flows: theory and computer simulations applied to findings in the rat cochlea.
Q2_haemorrhage_models	3625159	1987	Taiwan Yi Xue Hui Za Zhi	[A study on the clearance of small molecules in single needle dialysis, using a simplified mathematical model].
Q2_haemorrhage_models	3812754	1987	Am J Physiol	Time-dependent coronary blood flow distribution in left ventricular wall.
Q2_haemorrhage_models	3481197	1987	Acta Neurochir Suppl (Wien)	Biomathematics of intracranial CSF and haemodynamics. Simulation and analysis with the aid of a mathematical model.
Q2_haemorrhage_models	3827608	1986	Arkh Anat Gistol Embriol	[Morphologic aspects of local blood flow regulation in the myocardium].
Q2_haemorrhage_models	3730864	1986	Brain Res	Aluminum induced reversible change in permeability of the blood-brain barrier to [14C]sucrose.
Q2_haemorrhage_models	3736443	1986	Microvasc Res	The shape of renal vasa recta capillaries and its effect on calculation of single capillary blood flow.
Q2_haemorrhage_models	3724104	1986	J Biomech Eng	A finite-element model of blood flow in arteries including taper, branches, and obstructions.
Q2_haemorrhage_models	3710969	1986	J Appl Physiol (1985)	Dynamics of endotoxin fever in the rabbit.
Q2_haemorrhage_models	3702819	1986	Med Phys	Theoretical analysis of regional blood flow studies.
Q2_haemorrhage_models	3818672	1986	J Biomech	A global mathematical model of the cerebral circulation in man.
Q2_haemorrhage_models	3799302	1986	Adv Exp Med Biol	Interpretation of oxygen disappearance curves measured in blood perfused tissues.
Q2_haemorrhage_models	4043666	1985	Gastroenterology	"Forward" and "backward" flow mechanisms of portal hypertension. Relative contributions in the rat model of portal vein stenosis.
Q2_haemorrhage_models	4025577	1985	Am J Physiol	Mathematical model of fetal circulation and oxygen delivery.
Q2_haemorrhage_models	3894421	1985	J Clin Invest	Effect of insulin on the distribution and disposition of glucose in man.
Q2_haemorrhage_models	4006409	1985	Clin Physiol	Fluorescein flowmetry: a method for measuring relative capillary blood flow in the intestine.
Q2_haemorrhage_models	3849375	1985	Comput Methods Programs Biomed	A mathematical model and computer program for adriamycin distribution and elimination.
Q2_haemorrhage_models	3994117	1985	Am J Vet Res	Single-injection method for evaluation of renal function with 14C-inulin and 3H-tetraethylammonium bromide in dogs and cats.
Q2_haemorrhage_models	6527982	1984	Placenta	Evaluation of the Xe-133 clearance method for indirect placental blood flow determination.
Q2_haemorrhage_models	6503382	1984	Med Biol Eng Comput	Mathematical model for turbulent blood flow through a disk-type prosthetic heart valve.
Q2_haemorrhage_models	6151338	1984	Acta Physiol Scand	An evaluation of the metabolic interaction with myogenic vascular reactivity during blood flow autoregulation.
Q2_haemorrhage_models	6084489	1984	Arch Int Physiol Biochim	Pulmonary regional ventilation. C15O2 single breath method. New technical improvements.
Q2_haemorrhage_models	6432811	1984	J Cereb Blood Flow Metab	Measurement of regional cerebral pH in human subjects using continuous inhalation of 11CO2 and positron emission tomography.
Q2_haemorrhage_models	6747836	1984	J Pharmacol Exp Ther	Urea distribution kinetics analyzed by simultaneous injection of urea and inulin: demonstration that transcapillary exchange is rate limiting.
Q2_haemorrhage_models	6744678	1984	Clin Exp Pharmacol Physiol	Transient pressure-flow responses in the resting canine hindlimb--analysis as responses to rapid stretching of the resistance microvessels.
Q2_haemorrhage_models	6600094	1984	IMA J Math Appl Med Biol	A mathematical model for a thermal clearance probe.
Q2_haemorrhage_models	6439083	1984	Ann Biomed Eng	Estimating medullary chemoreceptor blood flow from ventilatory-CO2 response transients: theory and data from anesthetized dogs.
Q2_haemorrhage_models	6885546	1983	Int J Radiat Oncol Biol Phys	Predictions of blood flow from thermal clearance during regional hyperthermia.
Q2_haemorrhage_models	6849520	1983	Ann Emerg Med	Determination of cerebral cortical blood flow: a thermal technique.
Q2_haemorrhage_models	7142304	1982	J Cereb Blood Flow Metab	Repeated least squares analysis of simulated xenon computed tomographic measurements of regional cerebral blood flow.
Q2_haemorrhage_models	7097559	1982	J Pharmacol Exp Ther	Heterogeneity of interstitial fluid space demonstrated by simultaneous kinetic analysis of the distribution and elimination of inulin and gallamine.
Q2_haemorrhage_models	7123015	1982	Respir Physiol	Pulmonary blood flow, diffusing, capacity and tissue volume by rebreathing: theory.
Q2_haemorrhage_models	7069205	1982	J Invest Dermatol	A quantitative, non-invasive method for the characterization of flushing reactions.
Q2_haemorrhage_models	7065265	1982	Am J Physiol	Colloid osmotic pressure changes in isolated isogravimetric cat hindlimb.
Q2_haemorrhage_models	7321604	1981	Med Biol Eng Comput	Mathematical model of an arterial stenosis, allowing for tethering.
Q2_haemorrhage_models	7343561	1981	J Clin Hosp Pharm	A mathematical model of drug absorption.
Q2_haemorrhage_models	7288592	1981	J Pharmacokinet Biopharm	A new blood-flow pharmacokinetic model for ethanol.
Q2_haemorrhage_models	7322054	1981	Med Phys	Regional myocardial flow estimation using computed tomography.
Q2_haemorrhage_models	7277207	1981	J Pharmacokinet Biopharm	Analysis of the contributions of permeability and flow of intercompartmental clearance.
Q2_haemorrhage_models	7230761	1981	J Biomed Eng	Pulsatile pressure and flow in an arterial aneurysm simulated in a mathematical model.
Q2_haemorrhage_models	7195010	1981	Pflugers Arch	A simple method for estimating tubular and net glomerular capillary pressures in the isolated perfused kidney.
Q2_haemorrhage_models	7464086	1981	J Biomed Eng	Pulsatile pressure and flow in arterial stenoses simulated in a mathematical model.
Q2_haemorrhage_models	7194793	1981	Eur J Appl Physiol Occup Physiol	Lactate after exercise in man: IV. Physiological observations and model predictions.
Q2_haemorrhage_models	6965195	1980	J Biomech Eng	A viscoelastic model for use in predicting arterial pulse waves.
Q2_haemorrhage_models	7406670	1980	Arch Phys Med Rehabil	Thermal and circulatory response of tissue to localized pressure application: a mathematical model.
Q2_haemorrhage_models	7410554	1980	J Clin Invest	In vivo oxygen transport in the normal rabbit femoral arterial wall.
Q2_haemorrhage_models	7353967	1980	J Appl Physiol Respir Environ Exerc Physiol	Effect of altered gas diffusivity on alveolar gas exchange-a theoretical study.
Q2_haemorrhage_models	6906161	1980	Albrecht Von Graefes Arch Klin Exp Ophthalmol	Ocular hypertension in primary glaucoma: a new hypothesis.
Q2_haemorrhage_models	517592	1979	Am J Obstet Gynecol	Redistribution of cardiac output and oxygen delivery in the hypoxemic fetal lamb.
Q2_haemorrhage_models	536792	1979	J Nucl Med	Studies of skeletal tracer kinetics. III. Tc-99m(Sn)methylenediphosphonate uptake in the canine tibia as a function of blood flow.
Q2_haemorrhage_models	536775	1979	J Nucl Med	Studies of skeletal tracer kinetics: II. evaluation of a five-compartment model of [18F]fluoride kinetics in rats.
Q2_haemorrhage_models	94630	1979	J Cardiovasc Pharmacol	Prazosin first-pass metabolism and hepatic extraction in the dog.
Q2_haemorrhage_models	542401	1979	Pol Przegl Radiol Med Nukl	[Correction of a mathematical model of capillary blood flow determination by means of isotope markers (author's transl)].
Q2_haemorrhage_models	515182	1979	Phys Med Biol	Theoretical of the measurement of choroidal blood flow using a radioactive inert gas clearance technique.
Q2_haemorrhage_models	456124	1979	Chir Forum Exp Klin Forsch	[A mathematical model for the determination of loss of venous capacitance using impedance plethysmography].
Q2_haemorrhage_models	677341	1978	Am J Physiol	Humoral and mechanical factors modulating neural input to the renal vasculature.
Q2_haemorrhage_models	354413	1978	Am J Physiol	Questions and replies: renal mechanisms for urinary concentrating and diluting processes.
Q2_haemorrhage_models	203782	1977	Med Biol Eng Comput	Mathematical model representing blood flow in arteries.
Q2_haemorrhage_models	613758	1977	Adv Exp Med Biol	Mathematical model of respiratory gas exchange at stationary conditions.
Q2_haemorrhage_models	19218	1977	Drug Metab Dispos	A preliminary pharmacokinetic model for several chlorinated biphenyls in the rat.
Q2_haemorrhage_models	866811	1977	Respir Physiol	Theoretical analysis of independent VA and Q inequalities upon pulmonary gas exchange.
Q2_haemorrhage_models	863538	1977	Int J Biomed Comput	Human skin burns induced by defibrillator default current: a mathematical simulation model.
Q2_haemorrhage_models	886925	1977	Med Res Eng	A mathematical model of transient adjustments during renal autoregulation.
Q2_haemorrhage_models	796830	1976	Pol Przegl Radiol Med Nukl	[Calculation of effective renal plasma flow (ERPF) based on external recording of radioactivity decay in the circulation after a single dose of intravenous hippuran 131J. Part I: Determination of ERPF value according to the one compartment model (author's transl)].
Q2_haemorrhage_models	136194	1976	Am J Obstet Gynecol	Relationship of the metabolic clearance rate of dehydroisoandrosterone sulfate to placental blood flow: a mathematical model.
Q2_haemorrhage_models	1275995	1976	Br J Anaesth	Pharmacokinetics of halothane in the dog. Comparison of theory and measurement in individuals.
Q2_haemorrhage_models	1201799	1975	Fiziol Zh SSSR Im I M Sechenova	[Use of a mathematical model to assess cutaneous blood flow and heat loss during a thermoregulatory reaction].
Q2_haemorrhage_models	1190329	1975	Am J Physiol	Factors affecting O2 transfer in sheep and rabbit placenta perfused in situ.
Q2_haemorrhage_models	1176390	1975	J Appl Physiol	Effects of epinephrine on resisitive and compliant properties of the canine vasculature.
Q2_haemorrhage_models	1107119	1975	Diabetologia	Estimation of pancreatic IRI output rate and its relations to glucose tolerance in normal anasthetized dogs.
Q2_haemorrhage_models	1160224	1975	Kidney Int	Altered blood volume regulation in sustained essential hypertension: a hemodynamic study.
Q2_haemorrhage_models	239776	1975	Biosystems	Mathematical model of blood chemistry and local blood flow regulation.
Q2_haemorrhage_models	1174632	1975	Biomedicine	[Thermogenesis of mammary epitheliomas. III. Study, by means of fluvography, of the termal conductivity of mammary tissue and of the influence of tumor vascularization].
Q2_haemorrhage_models	1173821	1975	J Pharmacokinet Biopharm	The kinetics of methotrexate distribution in spontaneous canine lymphosarcoma.
Q2_haemorrhage_models	1180845	1975	Bibl Radiol	A mathematical simulation model of the skin for evaluation of surface temperature gradients resulting from local variations in metabolism and blood flow.
Q2_haemorrhage_models	4418509	1974	J Clin Invest	Effect of mannitol on glomerular ultrafiltration in the hydropenic rat.
Q2_haemorrhage_models	4807388	1973	Arch Sci Physiol (Paris)	Development and application of a mathematical model of human thermoregulation.
Q2_haemorrhage_models	4559298	1972	Surgery	Shunting in the lung: a two-compartment model.
Q2_haemorrhage_models	5036681	1972	Microvasc Res	Evaluation of viscous and inertial pressure losses in isolated tissue with a simple mathematical model.
Q2_haemorrhage_models	4651782	1972	Cardiology	A mathematical model to assess changes in the baroreceptor reflex.
Q2_haemorrhage_models	4948718	1971	J Urol Nephrol (Paris)	[Measurement of radiohippuran clearance after a single injection, using external detection, a 1-compartment model and a blood sample taken after 15 min. Evaluation of the method].
Q2_haemorrhage_models	5558436	1971	Med Biol Eng	A mathematical model of the hepatic portal system.
Q2_haemorrhage_models	5394213	1969	J Theor Biol	A mathematical model of placental oxygen transfer.
Q2_haemorrhage_models	4891912	1969	J Appl Physiol	Effect of flow on transpulmonary circulatory transport functions.
Q2_haemorrhage_models	5214109	1965	Acta Neurol Scand Suppl	The two-compartment model using Xe-133 inhalation and external counting.
Q3_chossat	41026745	2025	PLoS One	Gain modulation of probabilistic selection without synaptic relearning.
Q3_chossat	39568611	2024	Front Public Health	Disordered eating in anorexia nervosa: give me heat, not just food.
Q3_chossat	38663013	2024	Clin Infect Dis	Trends in Mortality in People With HIV From 1999 through 2020: A Multicohort Collaboration.
Q3_chossat	37870761	2024	Soft Robot	Design of a Wearable Real-Time Hand Motion Tracking System Using an Array of Soft Polymer Acoustic Waveguides.
Q3_chossat	37341747	2023	Eur J Nucl Med Mol Imaging	[(18)F]DCFPyL PET/CT versus [(18)F]fluoromethylcholine PET/CT in Biochemical Recurrence of Prostate Cancer (PYTHON): a prospective, open label, cross-over, comparative study.
Q3_chossat	36690280	2023	J Hepatol	External validation of the PAGE-B score for HCC risk prediction in people living with HIV/HBV coinfection.
Q3_chossat	36624391	2023	BMC Infect Dis	Tobacco, alcohol, cannabis, and illicit drug use and their association with CD4/CD8 cell count ratio in people with controlled HIV: a cross-sectional study (ANRS CO3 AQUIVIH-NA-QuAliV).
Q3_chossat	36610063	2023	Clin Infect Dis	Severe Bacterial Non-AIDS Infections in Persons With Human Immunodeficiency Virus: The Epidemiology and Evolution of Antibiotic Resistance Over an 18-Year Period (2000-2017) in the ANRS CO3 AquiVih-Nouvelle-Aquitaine Cohort.
Q3_chossat	35948839	2022	J Comput Neurosci	Dynamic branching in a neural network model for probabilistic prediction of sequences.
Q3_chossat	32298290	2020	PLoS One	Neuronal mechanisms for sequential activation of memory items: Dynamics and reliability.
Q3_chossat	32002707	2020	J Math Neurosci	The hyperbolic model for edge and texture detection in the primary visual cortex.
Q3_chossat	31562105	2019	IEEE Trans Haptics	Soft Wearable Skin-Stretch Device for Haptic Feedback Using Twisted and Coiled Polymer Actuators.
Q3_chossat	29887383	2018	Ann Chir Plast Esthet	[Complications with surgical treatment of basal cell carcinomas in individuals over 75 years of age: A retrospective study of prognostic factors in 158 cases].
Q3_chossat	29509305	2018	J Int AIDS Soc	Gender differences in the use of cardiovascular interventions in HIV-positive persons; the D:A:D Study.
Q3_chossat	29061336	2018	J Infect	Management of MDR-TB in HIV co-infected patients in Eastern Europe: Results from the TB:HIV study.
Q3_chossat	28846727	2017	PLoS One	Latching dynamics in neural networks with synaptic depression.
Q3_chossat	27426249	2017	Lasers Surg Med	Multifractional microablative laser combined with spacially modulated ablative (SMA) technology for facial skin rejuvenation.
Q3_chossat	26939735	2016	Lancet HIV	Tuberculosis-related mortality in people living with HIV in Europe and Latin America: an international cohort study.
Q3_chossat	26762990	2016	Lancet HIV	Cumulative and current exposure to potentially nephrotoxic antiretrovirals and development of chronic kidney disease in HIV-positive individuals with a normal baseline estimated glomerular filtration rate: a prospective international cohort study.
Q3_chossat	26544576	2015	AIDS	Association of immune-activation and senescence markers with non-AIDS-defining comorbidities in HIV-suppressed patients.
Q3_chossat	26216031	2016	HIV Med	Short-term weight gain after antiretroviral therapy initiation and subsequent risk of cardiovascular disease and diabetes: the D:A:D study.
Q3_chossat	26111240	2015	Euro Surveill	Outbreak of psittacosis in a group of women exposed to Chlamydia psittaci-infected chickens.
Q3_chossat	26055523	2015	J Math Neurosci	On the Effects on Cortical Spontaneous Activity of the Symmetries of the Network of Pinwheels in Visual Area V1.
Q3_chossat	25826420	2015	PLoS Med	Development and validation of a risk score for chronic kidney disease in HIV infection using prospective cohort data from the D:A:D study.
Q3_chossat	25763785	2015	J Acquir Immune Defic Syndr	Cancer risk and use of protease inhibitor or nonnucleoside reverse transcriptase inhibitor-based combination antiretroviral therapy: the D: A: D study.
Q3_chossat	25567330	2015	Clin Infect Dis	Boosted lopinavir- versus boosted atazanavir-containing regimens and immunologic, virologic, and clinical outcomes: a prospective study of HIV-infected individuals in high-income countries.
Q3_chossat	25076050	2014	PLoS One	Severe morbidity according to sex in the era of combined antiretroviral therapy: the ANRS CO3 Aquitaine Cohort.
Q3_chossat	25042234	2014	Lancet	Trends in underlying causes of death in people with HIV from 1999 to 2011 (D:A:D): a multicohort collaboration.
Q3_chossat	24885790	2014	BMC Infect Dis	AIDS and non-AIDS severe morbidity associated with hospitalizations among HIV-infected patients in two regions with universal access to care and antiretroviral therapy, France and Brazil, 2000-2008: hospital-based cohort studies.
Q3_chossat	24840675	2014	HIV Med	Increased risk of cardiovascular disease (CVD) with age in HIV-positive men: a comparison of the D:A:D CVD risk equation and general population CVD risk equations.
Q3_chossat	24666792	2014	BMC Nephrol	Development of a definition for Rapid Progression (RP) of renal function in HIV-positive persons: the D:A:D study.
Q3_chossat	24566096	2014	AIDS	Decline in locomotor functions over time in HIV-infected patients.
Q3_chossat	24106926	2013	BMC Infect Dis	Non-AIDS defining cancers in the D:A:D Study--time trends and predictors of survival: a cohort study.
Q3_chossat	23842128	2013	AIDS	Associations between immune depression and cardiovascular events in HIV infection.
Q3_chossat	23776637	2013	PLoS One	Role of traditional risk factors and antiretroviral drugs in the incidence of chronic kidney disease, ANRS CO3 Aquitaine cohort, France, 2004-2012.
Q3_chossat	23756091	2014	AIDS Care	Preexposure prophylaxis (PrEP) of HIV infection in France: a nationwide cross-sectional study (PREVIC study).
Q3_chossat	23574453	2013	Haemophilia	Outcome of acquired haemophilia in France: the prospective SACHA (Surveillance des Auto antiCorps au cours de l'Hémophilie Acquise) registry.
Q3_chossat	23382571	2013	J Infect Dis	Association between antiretroviral exposure and renal impairment among HIV-positive persons with normal baseline renal function: the D:A:D study.
Q3_chossat	23296138	2013	J Acquir Immune Defic Syndr	Chronic viral hepatitis is associated with low bone mineral density in HIV-infected patients, ANRS CO 3 Aquitaine Cohort.
Q3_chossat	24699884	2013	Biomed Res Int	TB meningitis in HIV-positive patients in Europe and Argentina: clinical outcome and factors associated with mortality.
Q3_chossat	23204178	2013	J Infect Dis	Effect of cytomegalovirus-induced immune response, self antigen-induced immune response, and microbial translocation on chronic immune activation in successfully treated HIV type 1-infected patients: the ANRS CO3 Aquitaine Cohort.
Q3_chossat	23079813	2013	AIDS	Cognitive disorders in HIV-infected patients: are they HIV-related?
Q3_chossat	23078769	2012	J Int AIDS Soc	Predicting the short-term risk of diabetes in HIV-positive patients: the Data Collection on Adverse Events of Anti-HIV Drugs (D:A:D) study.
Q3_chossat	22813349	2012	BMC Cancer	Quality indicators for colorectal cancer surgery and care according to patient-, tumor-, and hospital-related factors.
Q3_chossat	22526840	2013	J Math Biol	Localized states in an unbounded neural field equation with smooth firing rate function: a multi-parameter analysis.
Q3_chossat	21321791	2011	Eur J Nucl Med Mol Imaging	99mTc-besilesomab (Scintimun) in peripheral osteomyelitis: comparison with 99mTc-labelled white blood cells.
Q3_chossat	22656402	2011	J Math Neurosci	Analysis of a hyperbolic geometric model for visual texture perception.
Q3_chossat	20046839	2009	PLoS Comput Biol	Hyperbolic planforms in relation to visual edges and textures perception.
Q3_chossat	19910787	2010	AIDS	High prevalence of the metabolic syndrome in HIV-infected patients: impact of different definitions of the metabolic syndrome.
Q3_chossat	19805489	2010	Int J Epidemiol	Causes of death in HIV-infected women: persistent role of AIDS. The 'Mortalité 2000 & 2005' Surveys (ANRS EN19).
Q3_chossat	19664306	2010	Epidemiol Infect	Flock management and histomoniasis in free-range turkeys in France: description and search for potential risk factors.
Q3_chossat	19202627	2009	Clin Infect Dis	Changes in cancer mortality among HIV-infected patients: the Mortalité 2005 Survey.
Q3_chossat	18832878	2008	AIDS	HIV-induced immunodeficiency and mortality from AIDS-defining and non-AIDS-defining malignancies.
Q3_chossat	18645512	2008	J Acquir Immune Defic Syndr	Changes in causes of death among adults infected by HIV between 2000 and 2005: The "Mortalité 2000 and 2005" surveys (ANRS EN19 and Mortavic).
Q3_chossat	18461712	2008	Clin Infect Dis	Changes over time in risk factors for cardiovascular disease and use of lipid-lowering drugs in HIV-infected individuals and impact on myocardial infarction.
Q3_chossat	18387667	2008	Lancet	Use of nucleoside reverse transcriptase inhibitors and risk of myocardial infarction in HIV-infected patients enrolled in the D:A:D study: a multi-cohort collaboration.
Q3_chossat	15638046	2004	Clin Exp Rheumatol	169Erbium-citrate synoviorthesis after failure of local corticosteroid injections to treat rheumatoid arthritis-affected finger joints.
Q3_chossat	15485015	2004	Clin Exp Rheumatol	Better results with rhenium-186 radiosynoviorthesis than with cortivazol in rheumatoid arthritis (RA): a two-year follow-up randomized controlled multicentre study.
Q3_chossat	14968075	2004	J Fr Ophtalmol	[Phase 2 clinical study of 123I-N-(2-diethylaminoethyl)-2-iodobenzamide in the diagnostic of primary and metastatic ocular melanoma].
Q3_chossat	14683124	2003	Phys Rev Lett	Experimental observation of multifrequency patterns in arrays of coupled nonlinear oscillators.
Q3_chossat	12397467	2002	Eur J Nucl Med Mol Imaging	123I-N-(2-diethylaminoethyl)-2-iodobenzamide: a potential imaging agent for cutaneous melanoma staging.
Q3_chossat	12210820	2002	Am J Hematol	Recombinant FVIIa in the treatment of bleeding in acquired hemophilia.
Q3_chossat	12139658	2002	HIV Med	Causes of death among HIV-infected patients in the era of highly active antiretroviral therapy, Bordeaux, France, 1998-1999.
Q3_chossat	11606886	2001	Nucl Med Commun	Quantitative analysis of striatal dopamine D2 receptors with 123 I-iodolisuride SPECT in degenerative extrapyramidal diseases.
Q3_chossat	11338051	2001	Nucl Med Commun	Physical and biological dosimetry in patients undergoing radiosynoviorthesis with erbium-169 and rhenium-186.
Q3_chossat	11317915	2001	Presse Med	[Thrombotic microangiopathy during HIV infection. A retrospective study performed in infectious diseases units in southern France].
Q3_chossat	11269335	2001	J Gene Med	Increasing endothelial cell permeability improves the efficiency of myocyte adenoviral vector infection.
Q3_chossat	11164839	2001	Cardiovasc Res	Adenoviral SERCA1a gene transfer to adult rat ventricular myocytes induces physiological changes in calcium handling.
Q3_chossat	10811230	2000	Hum Gene Ther	Highly efficient adenovirus-mediated gene transfer to cardiac myocytes after single-pass coronary delivery.
Q3_chossat	10647617	2000	J Nucl Med	Biodistribution, dosimetry, and safety of myocardial perfusion imaging agent 99mTcN-NOET in healthy volunteers.
Q3_chossat	9541435	1998	Acta Ophthalmol Scand	Clinical study of [123I] N-(2-diethylaminoethyl)-4-iodobenzamide in the diagnosis of primary and metastatic ocular melanoma.
Q3_chossat	7769449	1995	J Nucl Med	Myocardial perfusion imaging with technetium-99m-Tc NOET: comparison with thallium-201 and coronary angiography.
Q3_chossat	8326382	1993	J Nucl Med	Phase II scintigraphic clinical trial of malignant melanoma and metastases with iodine-123-N-(2-diethylaminoethyl 4-iodobenzamide).
Q3_chossat	3060409	1988	Gesnerus	[Charles Chossat (1796-1875), Geneva physiologist, physician and politician].
Q3_chossat	4013439	1985	Z Gesamte Inn Med	[24-hour energy metabolism in the human: circadian rhythm, relation to body weight and nutrition].
Q4_guyton_hummod	42604049	2026	Brain Spine	Venous dominance and systemic hemodynamic divergence in a coupled craniopagus circulation.
Q4_guyton_hummod	41249339	2025	Sci Rep	Systolic blood pressure estimation method using electrocardiogram RRI data.
Q4_guyton_hummod	40833871	2025	Am J Physiol Heart Circ Physiol	Predicting cardiac and renal responses to sacubitril/valsartan with a mathematical model of heart failure with preserved ejection fraction.
Q4_guyton_hummod	39606582	2024	Front Syst Biol	Predicting chronic responses to calcium channel blockade with a virtual population of African Americans with hypertensive chronic kidney disease.
Q4_guyton_hummod	38634648	2024	Physiol Res	Hemodynamic Mechanisms Initiating Salt-Sensitive Hypertension in Rat Model of Primary Aldosteronism.
Q4_guyton_hummod	38555424	2024	J Physiol Sci	An interactive simulator to deepen the understanding of Guyton's venous return curve﻿.
Q4_guyton_hummod	38126953	2025	Exp Physiol	The heart, a secondary organ in the control of blood circulation.
Q4_guyton_hummod	37700113	2024	Pediatr Nephrol	Pathophysiology of primary hypertension in children and adolescents.
Q4_guyton_hummod	35984764	2022	Am J Physiol Heart Circ Physiol	Modeling the physiological roles of the heart and kidney in heart failure with preserved ejection fraction during baroreflex activation therapy.
Q4_guyton_hummod	35610620	2022	Crit Care	Venous return and mean systemic filling pressure: physiology and clinical applications.
Q4_guyton_hummod	34867451	2021	Front Physiol	Thoroughly Calibrated Modular Agent-Based Model of the Human Cardiovascular and Renal Systems for Blood Pressure Regulation in Health and Disease.
Q4_guyton_hummod	34793497	2021	PLoS One	In silico trial of baroreflex activation therapy for the treatment of obesity-induced hypertension.
Q4_guyton_hummod	34486399	2021	Am J Physiol Renal Physiol	Questioning the renoprotective role of L-type calcium channel blockers in chronic kidney disease using physiological modeling.
Q4_guyton_hummod	34184351	2021	Exp Physiol	Sir George Johnson FRCP (1818-96), high blood pressure and the continuing altercation about its origins.
Q4_guyton_hummod	33596744	2021	Am J Physiol Regul Integr Comp Physiol	Algebraic formulas characterizing an alternative to Guyton's graphical analysis relevant for heart failure.
Q4_guyton_hummod	33120539	2020	Math Biosci Eng	Comparison between two different cardiovascular models during a hemorrhagic shock scenario.
Q4_guyton_hummod	32653240	2020	Arch Cardiovasc Dis	Pulsatility in ventricular assistance devices: A translational review focused on applied haemodynamics.
Q4_guyton_hummod	32218085	2020	Simul Healthc	Comparing Hemorrhage in Human Physiology Simulation Tools: How They Compare With Expected Human Physiology and Each Other.
Q4_guyton_hummod	31590598	2020	Circ Res	Role of Nitric Oxide Carried by Hemoglobin in Cardiovascular Physiology: Developments on a Three-Gas Respiratory Cycle.
Q4_guyton_hummod	31518160	2019	Am J Physiol Heart Circ Physiol	Venous return and the physical connection between distribution of segmental pressures and volumes.
Q4_guyton_hummod	30830495	2019	Intensive Care Med Exp	The haemodynamic effects of crystalloid and colloid volume resuscitation on primary, derived and efficiency variables in post-CABG patients.
Q4_guyton_hummod	30571241	2018	Hypertension	Assessing the Validity and Utility of the Guyton Model of Arterial Blood Pressure Control.
Q4_guyton_hummod	30571226	2018	Hypertension	Testing Computer Models Predicting Human Responses to a High-Salt Diet.
Q4_guyton_hummod	30004810	2018	Am J Physiol Heart Circ Physiol	Role of the heart in blood pressure lowering during chronic baroreflex activation: insight from an in silico analysis.
Q4_guyton_hummod	29285341	2018	Interface Focus	Simulating a virtual population's sensitivity to salt and uninephrectomy.
Q4_guyton_hummod	28863020	2018	Anesth Analg	Validating the Physiologic Model HumMod as a Substitute for Clinical Trials Involving Acute Normovolemic Hemodilution.
Q4_guyton_hummod	28626078	2017	Am J Physiol Heart Circ Physiol	State-space representation of the extended Guyton's model.
Q4_guyton_hummod	28550170	2017	Am J Physiol Heart Circ Physiol	Right atrial pressure and venous return during cardiopulmonary bypass.
Q4_guyton_hummod	27974315	2017	Am J Physiol Regul Integr Comp Physiol	Mechanisms of blood pressure salt sensitivity: new insights from mathematical modeling.
Q4_guyton_hummod	27899683	2016	Physiol Rep	Validation of an integrative mathematical model of dehydration and rehydration in virtual humans.
Q4_guyton_hummod	27422991	2016	Am J Physiol Heart Circ Physiol	Effect of PEEP, blood volume, and inspiratory hold maneuvers on venous return.
Q4_guyton_hummod	27258010	2016	PLoS One	The Creation of Surrogate Models for Fast Estimation of Complex Model Outcomes.
Q4_guyton_hummod	26566506	2015	Arch Trauma Res	Theoretical Analysis of the Relative Impact of Obesity on Hemodynamic Stability During Acute Hemorrhagic Shock.
Q4_guyton_hummod	26283881	2015	Int J Med Sci	Preventing and Treating Hypoxia: Using a Physiology Simulator to Demonstrate the Value of Pre-Oxygenation and the Futility of Hyperventilation.
Q4_guyton_hummod	25935135	2015	Acta Biotheor	Implementation of a model of bodily fluids regulation.
Q4_guyton_hummod	24901409	2014	Curr Opin Nephrol Hypertens	Update on the Guytonian view of hypertension.
Q4_guyton_hummod	24555102	2013	F1000Res	A computational analysis of the long-term regulation of arterial pressure.
Q4_guyton_hummod	24500431	2014	Am J Physiol Regul Integr Comp Physiol	A model-based approach to investigating the pathophysiological mechanisms of hypertension and response to antihypertensive therapies: extending the Guyton model.
Q4_guyton_hummod	24419567	2014	Nat Rev Nephrol	Blood pressure and amiloride-sensitive sodium channels in vascular and renal cells.
Q4_guyton_hummod	24111570	2013	Clin Exp Pharmacol Physiol	Aberrant Rac1-mineralocorticoid receptor pathways in salt-sensitive hypertension.
Q4_guyton_hummod	23720255	2012	Compr Physiol	Chronic blood pressure control.
Q4_guyton_hummod	22761561	2012	PLoS Comput Biol	Virtual patients and sensitivity analysis of the Guyton model of blood pressure regulation: towards individualized models of whole-body physiology.
Q4_guyton_hummod	21951760	2011	Acad Emerg Med	Theoretical analysis of the effect of positioning on hemodynamic stability during pregnancy.
Q4_guyton_hummod	21729716	2011	Prog Biophys Mol Biol	Integration of detailed modules in a core model of body fluid homeostasis and blood pressure regulation.
Q4_guyton_hummod	21666119	2011	Am J Physiol Heart Circ Physiol	Understanding Guyton's venous return curves.
Q4_guyton_hummod	21647209	2011	Front Physiol	HumMod: A Modeling Environment for the Simulation of Integrative Human Physiology.
Q4_guyton_hummod	21144008	2010	Crit Care	Clinical review: Guyton--the role of mean circulatory filling pressure and right atrial pressure in controlling cardiac output.
Q4_guyton_hummod	21096038	2010	Annu Int Conf IEEE Eng Med Biol Soc	Estimated venous return surface and cardiac output curve precisely predicts new hemodynamics after volume change.
Q4_guyton_hummod	20844258	2010	Am J Physiol Regul Integr Comp Physiol	Circulation and metabolic rates in a natural hibernator: an integrative physiological model.
Q4_guyton_hummod	20683640	2010	Acta Biotheor	A computational model of the circulating renin-angiotensin system and blood pressure regulation.
Q4_guyton_hummod	20533860	2010	Physiol Res	Restoration of Guyton´s diagram for regulation of the circulation as a basis for quantitative physiological model development.
Q4_guyton_hummod	19965188	2009	Annu Int Conf IEEE Eng Med Biol Soc	Macroscopic two-pump two-vasculature cardiovascular model to support treatment of acute heart failure.
Q4_guyton_hummod	19825058	2009	Anaesthesia	The obligatory role of the kidney in long-term arterial blood pressure control: extending Guyton's model of the circulation.
Q4_guyton_hummod	19807293	2009	Biomed Tech (Berl)	[Blood pressure control in the area of surgical interventions].
Q4_guyton_hummod	19395780	2009	Iran J Kidney Dis	Cardiorenal syndrome.
Q4_guyton_hummod	19286640	2009	Exp Physiol	Current computational models do not reveal the importance of the nervous system in long-term control of arterial pressure.
Q4_guyton_hummod	19286639	2009	Exp Physiol	Commentary on 'Understanding the contribution of Guyton's large circulatory model to long-term control of arterial pressure'.
Q4_guyton_hummod	19286638	2009	Exp Physiol	Understanding the contribution of Guyton's large circulatory model to long-term control of arterial pressure.
Q4_guyton_hummod	18182795	2008	Blood Purif	Pathophysiology of salt-sensitive hypertension: a new scope of an old problem.
Q4_guyton_hummod	18055528	2008	Am J Physiol Heart Circ Physiol	In vivo measurement of flow-mediated vasodilation in living rats using high-resolution ultrasound.
Q4_guyton_hummod	17674337	2007	Int J Artif Organs	Circulatory assist with centrifugal pump as a bridge to recovery: mathematical analysis.
Q4_guyton_hummod	17445945	2008	Comput Methods Programs Biomed	The benefits of using Guyton's model in a hypotensive control system.
Q4_guyton_hummod	17271101	2004	Conf Proc IEEE Eng Med Biol Soc	A comprehensive physiological model of circulation enables automatic piloting of hemodynamics in patients with acute heart failure.
Q4_guyton_hummod	16341927	2005	Ann Biomed Eng	Long-term mathematical model involving renal sympathetic nerve activity, arterial pressure, and sodium excretion.
Q4_guyton_hummod	15615794	2005	Eur Heart J	The severe cardiorenal syndrome: 'Guyton revisited'.
Q4_guyton_hummod	15243205	2004	Exerc Sport Sci Rev	Multiple triggers for hyperthermic fatigue and exhaustion.
Q4_guyton_hummod	14686453	2002	Comput Cardiol	A computational model-based validation of Guyton's analysis of cardiac output and venous return curves.
Q4_guyton_hummod	12391065	2003	J Appl Physiol (1985)	A critical analysis of the view that right atrial pressure determines venous return.
Q4_guyton_hummod	12002174	2002	IEEE Trans Biomed Eng	Simulation and prediction of cardiotherapeutical phenomena from a pulsatile model coupled to the Guyton circulatory model.
Q4_guyton_hummod	10806418	2000	Proc Soc Exp Biol Med	State-dependent expression of pressure diuresis in conscious rats.
Q4_guyton_hummod	8089255	1994	J Clin Pharmacol	A comprehensive Guyton model analysis of physiologic responses to preadapting the blood volume as a countermeasure to fluid shifts.
Q4_guyton_hummod	11537416	1993	Physiologist	Simulation of the fluid retention effects of a vasopressin analog using the Guyton model of circulation.
Q4_guyton_hummod	3983138	1985	Proc Soc Exp Biol Med	Glomerular filtration and fluid balance in genetically hypertensive mice.
Q4_guyton_hummod	7116585	1982	Circulation	A postscript to Circulation of the blood: men and ideas.
Q4_guyton_hummod	6180648	1982	Am J Physiol	Meaning of the cardiac output-blood volume relationship in essential hypertension.
Q4_guyton_hummod	392133	1979	Nihon Rinsho	[Guyton's model of hypertension].
Q4_guyton_hummod	1160224	1975	Kidney Int	Altered blood volume regulation in sustained essential hypertension: a hemodynamic study.
Q5_order_of_organ_loss	42679313	2026	ACS Biomater Sci Eng	Fabrication and Characterization of Melt-Electrowritten Hierarchical PCL Scaffolds for Conjunctival Tissue Engineering.
Q5_order_of_organ_loss	42619899	2026	ArXiv	Optimal stimulation sites are not the most affected: personalised models of resting-state fMRI in Alzheimer's disease.
Q5_order_of_organ_loss	42465240	2026	bioRxiv	Regulated apoptosis is a conserved mechanism pausing female reproduction and establishes the sterile worker caste in the eusocial wasp, Polistes.
Q5_order_of_organ_loss	42458410	2026	BMC Oral Health	Risk factors for periodontal ligament area reduction in maxillary central incisors following orthodontic treatment: a retrospective analysis using a deep learning-based CBCT-PDL segmentation network.
Q5_order_of_organ_loss	42380807	2026	BMC Plant Biol	Co-expression analysis identifies organ-specific gene regulatory networks responsive to phosphate limitation in hemp (Cannabis sativa L.).
Q5_order_of_organ_loss	42266472	2026	Front Transplant	The integration of psychosocial care, ethical governance, and patient-centered research in current and future approaches in the field of vascularized composite allotransplantation.
Q5_order_of_organ_loss	42214229	2026	Int Immunopharmacol	Andrographolide attenuates neuroinflammation and apoptosis after spinal cord injury via PI3K-Akt pathway activation.
Q5_order_of_organ_loss	42198645	2026	Pathogens	Nutritional Stress and Prey Signals Trigger a Metabolic Shift in Arthrobotrys spp.: Aomae1 Expression Suggests a Role in the Switch Between Saprophytic and Parasitic Lifestyles.
Q5_order_of_organ_loss	42068160	2026	G3 (Bethesda)	Bioinformatic, cell localization, and phylogenetic analyses reveal a novel family of putative lipases in Tetrahymena thermophila.
Q5_order_of_organ_loss	41988424	2026	Front Plant Sci	Drought and heatwave synergy alters organ-level C:N stoichiometry and carbohydrate dynamics in subtropical tree seedlings.
Q5_order_of_organ_loss	41860239	2026	mSystems	Pseudomonas aeruginosa dynamically prioritizes motility and resource recycling during prolonged starvation.
Q5_order_of_organ_loss	41819390	2026	J Struct Biol	Leveraging deep learning semantic segmentation for imaging coral skeletons.
Q5_order_of_organ_loss	41708051	2026	Eur J Vasc Endovasc Surg	Open versus Endovascular Revascularisation for Femoropopliteal Disease in Patients with Chronic Limb Threatening Ischaemia.
Q5_order_of_organ_loss	41529387	2026	J Surg Res	Association of Depression With Inferior Amputation-Free Survival in Chronic Limb-Threatening Ischemia.
Q5_order_of_organ_loss	41339969	2025	Nat Metab	Age-related decline of chaperone-mediated autophagy in skeletal muscle leads to progressive myopathy.
Q5_order_of_organ_loss	41107726	2025	BMC Plant Biol	Genome-wide identification and expression analysis of the GARP superfamily in response to abiotic stresses in alfalfa (Medicago sativa L.).
Q5_order_of_organ_loss	41014013	2026	Dentomaxillofac Radiol	Detection of external root resorption in periapical radiographs using YOLO-based deep learning model.
Q5_order_of_organ_loss	40993501	2025	Ecology	FAIRTraits: An enriched, FAIR-compliant database of plant traits from Mediterranean populations of 240 species.
Q5_order_of_organ_loss	40838332	2026	J Periodontol	Association between periodontal parameters and thyroid markers in autoimmune hypothyroidism: A cross-sectional study.
Q5_order_of_organ_loss	40798895	2026	Adv Healthc Mater	Injectable ROS/pH-Responsive Hydrogel for Synergistic Chemo-Photodynamic Tumor Therapy and Enhanced Wound Healing.
Q5_order_of_organ_loss	40643194	2025	Tree Physiol	An updated sulfate transporter phylogeny uncovers a perennial-specific subgroup associated with lignification.
Q5_order_of_organ_loss	40419768	2025	Nat Microbiol	Risk-reward trade-off during carbon starvation generates dichotomy in motility endurance among marine bacteria.
Q5_order_of_organ_loss	40315660	2025	Comput Med Imaging Graph	Enhanced glaucoma classification through advanced segmentation by integrating cup-to-disc ratio and neuro-retinal rim features.
Q5_order_of_organ_loss	39914756	2025	J Vasc Surg	The contemporary natural history of minor amputation among diabetic patients with peripheral arterial disease.
Q5_order_of_organ_loss	39707627	2025	Insect Mol Biol	Mechanism of starvation induced autophagy and apoptosis in the midgut of silkworm, Bombyx mori, based on calcium homeostasis.
Q5_order_of_organ_loss	39703374	2024	Front Cell Infect Microbiol	Fecal microbiota transplantation from postmenopausal osteoporosis human donors accelerated bone mass loss in mice.
Q5_order_of_organ_loss	39670295	2025	Mol Ecol	Leveraging Transcriptional Signatures of Diverse Stressors for Bumble Bee Conservation.
Q5_order_of_organ_loss	39663315	2025	J Imaging Inform Med	Prediction of Alzheimer's Disease Using Modified DNN with Optimal Feature Selection Based on Seagull Optimization.
Q5_order_of_organ_loss	39522646	2025	Mod Pathol	Weakly Supervised Classification of Mohs Surgical Sections Using Artificial Intelligence.
Q5_order_of_organ_loss	39400961	2024	J Cell Mol Med	Classification and functional analysis of disulfidptosis-associated genes in sepsis.
Q5_order_of_organ_loss	39025801	2024	Integr Comp Biol	Structural and Evolutionary Relationships of Melanin Cascade Proteins in Cnidarian Innate Immunity.
Q5_order_of_organ_loss	38880181	2024	J Vasc Surg	Association between tissue loss type and amputation risk among Medicare patients with concomitant diabetes and peripheral arterial disease.
Q5_order_of_organ_loss	38634673	2024	Ann Bot	Stretched sapwood, ultra-widening permeability and ditching da Vinci: revising models of plant form and function.
Q5_order_of_organ_loss	38310981	2024	J Vasc Surg	Predictors of amputation-free survival and wound healing after infrainguinal bypass with alternative conduits.
Q5_order_of_organ_loss	38207133	2024	Am Nat	Information Gathering Is Associated with Increased Survival: A Field Experiment in Black-Capped Chickadees (Poecile atricapillus).
Q5_order_of_organ_loss	37702477	2025	J Endovasc Ther	Infrapopliteal 3-Vessel Occlusive Disease Is the Only Predictor of Wound Recurrence After Complete Wound Healing via Endovascular Therapy in Patients With Chronic Limb-threatening Ischemia.
Q5_order_of_organ_loss	37659215	2023	Biomater Adv	Mesh and layered electrospun fiber architectures as vehicles for Lactobacillus acidophilus and Lactobacillus crispatus intended for vaginal delivery.
Q5_order_of_organ_loss	37605055	2023	Cardiovasc Intervent Radiol	Predictors and Clinical Outcomes of Fibroid Expulsion After Uterine Artery Embolization.
Q5_order_of_organ_loss	37056147	2023	Neural Regen Res	Characteristics of traumatic brain injury models: from macroscopic blood flow changes to microscopic mitochondrial changes.
Q5_order_of_organ_loss	37029151	2023	Sci Rep	The impact of pericytes on the stability of microvascular networks in response to nanoparticles.
Q5_order_of_organ_loss	36958278	2023	J Environ Manage	Rapid prototyping for quantifying belief weights of competing hypotheses about emergent diseases.
Q5_order_of_organ_loss	36634898	2023	Ann Vasc Surg	High Global Limb Anatomic Staging System Femoropopliteal Grade is Positively Associated with Wound Healing in Patients with Chronic Limb-Threatening Ischemia Undergoing Endovascular Therapy Only for Femoropopliteal Disease.
Q5_order_of_organ_loss	36389665	2022	Front Immunol	Identification and validation of a classifier based on hub aging-related genes and aging subtypes correlation with immune microenvironment for periodontitis.
Q5_order_of_organ_loss	35489875	2022	Biol Psychiatry	Virtual Ontogeny of Cortical Growth Preceding Mental Illness.
Q5_order_of_organ_loss	35250439	2022	Front Neurosci	MRI-Based Classification of Neuropsychiatric Systemic Lupus Erythematosus Patients With Self-Supervised Contrastive Learning.
Q5_order_of_organ_loss	34954476	2022	Aquat Toxicol	Genome-wide identification of seven superoxide dismutase genes in the marine rotifer Brachionus rotundiformis and modulated expression and enzymatic activity in response to microplastics and nutritional status.
Q5_order_of_organ_loss	34897740	2021	JPEN J Parenter Enteral Nutr	Nutrition challenges of cancer cachexia.
Q5_order_of_organ_loss	34516283	2021	J Bacteriol	Differential Surface Competition and Biofilm Invasion Strategies of Pseudomonas aeruginosa PA14 and PAO1.
Q5_order_of_organ_loss	34206635	2021	Int J Mol Sci	Corticosterone Administration Alters White Matter Tract Structure and Reduces Gliosis in the Sub-Acute Phase of Experimental Stroke.
Q5_order_of_organ_loss	33902812	2021	Elife	Chloroplast acquisition without the gene transfer in kleptoplastic sea slugs, Plakobranchus ocellatus.
Q5_order_of_organ_loss	33752205	2021	Caries Res	Monitoring of Erosive Tooth Wear with Intraoral Scanners In vitro.
Q5_order_of_organ_loss	33336107	2020	IBRO Rep	Neurodegeneration-related beta-amyloid as autocatabolism-attenuator in a micro-in vivo system.
Q5_order_of_organ_loss	33139186	2020	J Vasc Interv Radiol	"Angioplasty-First" Approach for Limb Salvage in Asian Patients with Critical Limb Ischemia: Outcomes from 3,303 Angioplasties on 2,402 Limbs in a Single Tertiary Hospital.
Q5_order_of_organ_loss	32470528	2020	Comp Biochem Physiol A Mol Integr Physiol	Diet composition and long-term starvation do not affect crustacean hyperglycemic hormone (CHH) transcription in the burrowing crab Neohelice granulata (Dana, 1851).
Q5_order_of_organ_loss	32450284	2020	Mol Cell Endocrinol	FOXO1A promotes neuropeptide FF transcription subsequently regulating the expression of feeding-related genes in spotted sea bass (Lateolabrax maculatus).
Q5_order_of_organ_loss	32260256	2020	Genes (Basel)	Evolution of Predicted Acid Resistance Mechanisms in the Extremely Acidophilic Leptospirillum Genus.
Q5_order_of_organ_loss	32157085	2020	NPJ Biofilms Microbiomes	Polymicrobial periodontal disease triggers a wide radius of effect and unique virome.
Q5_order_of_organ_loss	32090898	2020	J Mech Behav Biomed Mater	A multi-layered model of human skin elucidates mechanisms of wrinkling in the forehead.
Q5_order_of_organ_loss	31963456	2020	Int J Mol Sci	Growth Hormone Promotes Motor Function after Experimental Stroke and Enhances Recovery-Promoting Mechanisms within the Peri-Infarct Area.
Q5_order_of_organ_loss	31727460	2020	J Vasc Surg	Multidisciplinary approach achieves limb salvage without revascularization in patients with mild to moderate ischemia and tissue loss.
Q5_order_of_organ_loss	31727457	2020	J Vasc Surg	The impact of female sex on the outcomes of endovascular treatment for iliac lesions.
Q5_order_of_organ_loss	31626819	2020	J Hepatol	Perioperative omega-3 fatty acids fail to confer protection in liver surgery: Results of a multicentric, double-blind, randomized controlled trial.
Q5_order_of_organ_loss	31479844	2019	Nutrition	Protection in a model of liver injury is parallel to energy mobilization capacity under distinct nutritional status.
Q5_order_of_organ_loss	31358912	2019	ISME J	Atmospheric carbon monoxide oxidation is a widespread mechanism supporting microbial survival.
Q5_order_of_organ_loss	31316873	2019	PeerJ	An artificial-vision- and statistical-learning-based method for studying the biodegradation of type I collagen scaffolds in bone regeneration systems.
Q5_order_of_organ_loss	31136613	2019	PLoS One	Molecular characterization and expression dynamics of MTP genes under various spatio-temporal stages and metal stress conditions in rice.
Q5_order_of_organ_loss	31114841	2019	Bioinformatics	ARMBIS: accurate and robust matching of brain image sequences from multiple modal imaging techniques.
Q5_order_of_organ_loss	31098614	2019	DNA Res	Analysis of an improved Cyanophora paradoxa genome assembly.
Q5_order_of_organ_loss	30939173	2019	PLoS One	Lateral ventricle volume trajectories predict response inhibition in older age-A longitudinal brain imaging and machine learning approach.
Q5_order_of_organ_loss	30922745	2019	J Vasc Surg	A prognostic score for clinical success after revascularization of critical limb ischemia in hemodialysis patients.
Q5_order_of_organ_loss	30497359	2018	BMC Bioinformatics	CiliateGEM: an open-project and a tool for predictions of ciliate metabolic variations and experimental condition design.
Q5_order_of_organ_loss	30341741	2019	Ann Biomed Eng	The Shrinking Brain: Cerebral Atrophy Following Traumatic Brain Injury.
Q5_order_of_organ_loss	29944730	2018	Ecology	Beyond body size: consistent decrease of traits within orthopteran assemblages with elevation.
Q5_order_of_organ_loss	29730364	2018	Mol Biochem Parasitol	Identification and functional analysis of a stress-responsive MAPK15 in Entamoeba invadens.
Q5_order_of_organ_loss	29564697	2018	Plant Mol Biol	The wheat TabZIP2 transcription factor is activated by the nutrient starvation-responsive SnRK3/CIPK protein kinase.
Q5_order_of_organ_loss	29455014	2018	Ann Vasc Surg	Cilostazol Improves Wound Healing in Patients Undergoing Open Bypass for Ischemic Tissue Loss: A Propensity Score Matching Analysis.
Q5_order_of_organ_loss	29331092	2018	Ann Neurol	Deep gray matter volume loss drives disability worsening in multiple sclerosis.
Q5_order_of_organ_loss	29155033	2018	Virus Res	The gut virome of the protochordate model organism, Ciona intestinalis subtype A.
Q5_order_of_organ_loss	28887778	2017	Environ Monit Assess	Mapping sites of reef vulnerability along lagoons of Lakshadweep archipelago, Indian Ocean.
Q5_order_of_organ_loss	28795622	2017	Tissue Eng Part C Methods	(*) Animal Models for Periodontal Tissue Engineering: A Knowledge-Generating Process.
Q5_order_of_organ_loss	28756043	2017	J Vasc Surg	Impact of angiosome- and nonangiosome-targeted peroneal bypass on limb salvage and healing in patients with chronic limb-threatening ischemia.
Q5_order_of_organ_loss	28683124	2017	PLoS One	Hybrid spectral CT reconstruction.
Q5_order_of_organ_loss	28421855	2017	J Endovasc Ther	Midterm Outcomes After Infrapopliteal Interventions in Patients With Critical Limb Ischemia Based on the TASC II Classification of Below-the-Knee Arteries.
Q5_order_of_organ_loss	28288898	2017	Neuroscience	Oral administration of corticosterone at stress-like levels drives microglial but not vascular disturbances post-stroke.
Q5_order_of_organ_loss	28218643	2017	Brain Sci	Diffusion Assessment of Cortical Changes, Induced by Traumatic Spinal Cord Injury.
Q5_order_of_organ_loss	28073665	2017	J Vasc Surg	Predictive ability of the Society for Vascular Surgery Wound, Ischemia, and foot Infection (WIfI) classification system after first-time lower extremity revascularizations.
Q5_order_of_organ_loss	27981419	2017	J Mol Neurosci	The Novel Membrane-Bound Proteins MFSD1 and MFSD3 are Putative SLC Transporters Affected by Altered Nutrient Intake.
Q5_order_of_organ_loss	27731916	2017	Mol Microbiol	ArnS, a kinase involved in starvation-induced archaellum expression.
Q5_order_of_organ_loss	27521819	2017	Ann Vasc Surg	The Impact of Surgical Care Improvement Project Measures on In-Hospital Outcomes following Elective Vascular Procedures.
Q5_order_of_organ_loss	27491440	2016	Insect Biochem Mol Biol	Functional evaluation of Heat Shock Proteins 70 (HSP70/HSC70) on Rhodnius prolixus (Hemiptera, Reduviidae) physiological responses associated with feeding and starvation.
Q5_order_of_organ_loss	27380993	2016	J Vasc Surg	Predictive ability of the Society for Vascular Surgery Wound, Ischemia, and foot Infection (WIfI) classification system following infrapopliteal endovascular interventions for critical limb ischemia.
Q5_order_of_organ_loss	27339071	2017	Mult Scler	Slowly eroding lesions in multiple sclerosis.
Q5_order_of_organ_loss	27311949	2016	Ann Vasc Surg	Indication for Lower Extremity Revascularization and Hospital Profiling of Readmissions.
Q5_order_of_organ_loss	27144597	2016	PLoS One	Unravelling the Secrets of Mycobacterial Cidality through the Lens of Antisense.
Q5_order_of_organ_loss	27108062	2016	Biochim Biophys Acta	Tangled evolutionary processes with commonality and diversity in plastidial glycolipid synthesis in photosynthetic organisms.
Q5_order_of_organ_loss	27082720	2016	Physiol Biochem Zool	Sex-Specific Energetics of Pacific Walruses (Odobenus rosmarus divergens) during the Nursing Interval.
Q5_order_of_organ_loss	26482994	2016	J Vasc Surg	Favorable outcomes of very elderly patients with critical limb ischemia who undergo distal bypass surgery.
Q5_order_of_organ_loss	26205094	2015	DNA Res	A comprehensive, genome-wide analysis of autophagy-related genes identified in tobacco suggests a central role of autophagy in plant response to various environmental cues.
Q5_order_of_organ_loss	26130259	2015	J Dent Res	Soft Tissue Alterations in Esthetic Postextraction Sites: A 3-Dimensional Analysis.
Q5_order_of_organ_loss	25758444	2015	BMC Genomics	Comparative genome and transcriptome analyses of the social amoeba Acytostelium subglobosum that accomplishes multicellular development without germ-soma differentiation.
Q5_order_of_organ_loss	25665644	2015	Yi Chuan	[Analysis of FABP4 expression pattern in rump fat deposition and metabolism of Altay sheep].
Q5_order_of_organ_loss	25665078	2015	Annu Rev Immunol	The varieties of immunological experience: of pathogens, stress, and dendritic cells.
Q5_order_of_organ_loss	25487246	2014	Vasc Endovascular Surg	Clopidogrel and 1-year freedom from amputation after endovascular lower extremity revascularization in the Medicare population.
Q5_order_of_organ_loss	25441012	2014	J Vasc Surg	Care of patients undergoing vascular surgery at safety net public hospitals is associated with higher cost but similar mortality to nonsafety net hospitals.
Q5_order_of_organ_loss	25143513	2014	J Dent Res	Multi-lineage MSC differentiation via engineered morphogen fields.
Q5_order_of_organ_loss	25073577	2015	J Vasc Surg	Multidisciplinary care improves amputation-free survival in patients with chronic critical limb ischemia.
Q5_order_of_organ_loss	24953898	2014	J Vasc Surg	Factors associated with surgical site infection after lower extremity bypass in the Society for Vascular Surgery (SVS) Vascular Quality Initiative (VQI).
Q5_order_of_organ_loss	24863474	2014	Fungal Biol	Molecular cloning and functional analysis of a H(+)-dependent phosphate transporter gene from the ectomycorrhizal fungus Boletus edulis in southwest China.
Q5_order_of_organ_loss	24242918	2014	Apoptosis	Insights into the functions of the death associated protein kinases from C. elegans and other invertebrates.
Q5_order_of_organ_loss	24014528	2013	Appl Environ Microbiol	Noninvasive analysis of microbiome dynamics in the fruit fly Drosophila melanogaster.
Q5_order_of_organ_loss	23993439	2013	J Vasc Surg	Optimal medical therapy predicts amputation-free survival in chronic critical limb ischemia.
Q5_order_of_organ_loss	23733042	2013	Fungal Genet Biol	Transcriptional profiling of Neurospora crassa Δmak-2 reveals that mitogen-activated protein kinase MAK-2 participates in the phosphate signaling pathway.
Q5_order_of_organ_loss	23527186	2013	PLoS One	Effect of nutrient restriction and re-feeding on calpain family genes in skeletal muscle of channel catfish (Ictalurus punctatus).
Q5_order_of_organ_loss	23498857	2013	Plant Sci	APSR1, a novel gene required for meristem maintenance, is negatively regulated by low phosphate availability.
Q5_order_of_organ_loss	23349289	2013	Science	To favor survival under food shortage, the brain disables costly memory.
Q5_order_of_organ_loss	23133521	2012	PLoS One	Functional characterization of 14 Pht1 family genes in yeast and their expressions in response to nutrient starvation in soybean.
Q5_order_of_organ_loss	23041082	2012	Gene	Molecular cloning, characterization and expression analysis of ATG1 in the silkworm, Bombyx mori.
Q5_order_of_organ_loss	22944568	2012	Ann Vasc Surg	Common femoral artery endarterectomy for lower-extremity ischemia: evaluating the need for additional distal limb revascularization.
Q5_order_of_organ_loss	22944010	2013	Ann Vasc Surg	Anesthesia-based evaluation of outcomes of lower-extremity vascular bypass procedures.
Q5_order_of_organ_loss	22717455	2012	Autophagy	Coiling up with SCOC and WAC: two new regulators of starvation-induced autophagy.
Q5_order_of_organ_loss	22497753	2012	Neuropsychologia	Callosal tissue loss parallels subtle decline in psychomotor speed. a longitudinal quantitative MRI study. The LADIS Study.
Q5_order_of_organ_loss	22451519	2012	Infect Immun	Control of Entamoeba histolytica adherence involves metallosurface protease 1, an M8 family surface metalloprotease with homology to leishmanolysin.
Q5_order_of_organ_loss	22431493	2012	Catheter Cardiovasc Interv	Predictors of adverse clinical outcomes after successful infrapopliteal intervention.
Q5_order_of_organ_loss	22347391	2012	PLoS One	Transcriptome analysis of the model protozoan, Tetrahymena thermophila, using Deep RNA sequencing.
Q5_order_of_organ_loss	22232695	2012	Proc Natl Acad Sci U S A	Lipidomic discovery of deoxysiderophores reveals a revised mycobactin biosynthesis pathway in Mycobacterium tuberculosis.
Q5_order_of_organ_loss	22081969	2012	Mol Microbiol	Molecular analysis of the crenarchaeal flagellum.
Q5_order_of_organ_loss	21907911	2011	Adv Pharmacol	Biological and pharmacological roles of HCA receptors.
Q5_order_of_organ_loss	21802888	2011	J Vasc Surg	Prior failed ipsilateral percutaneous endovascular intervention in patients with critical limb ischemia predicts poor outcome after lower extremity bypass.
Q5_order_of_organ_loss	21667195	2011	Microb Ecol	Composition and stability of the microbial community inside the digestive tract of the aquatic crustacean Daphnia magna.
Q5_order_of_organ_loss	21531527	2011	J Vasc Surg	Iliac artery stenting combined with open femoral endarterectomy is as effective as open surgical reconstruction for severe iliac and common femoral occlusive disease.
Q5_order_of_organ_loss	21509422	2011	Extremophiles	Gluconeotrehalose is the principal organic solute in the psychrotolerant bacterium Carnobacterium strain 17-4.
Q5_order_of_organ_loss	21266987	2010	Nat Commun	Systems-wide temporal proteomic profiling in glucose-starved Bacillus subtilis.
Q5_order_of_organ_loss	20944019	2011	Genetics	Decoupling of host-symbiont-phage coadaptations following transfer between insect species.
Q5_order_of_organ_loss	20406691	2010	Neuroimage	Joint analysis of structural and perfusion MRI for cognitive assessment and classification of Alzheimer's disease and normal aging.
Q5_order_of_organ_loss	20236389	2010	J Neurochem	The ceramide transporter and the Goodpasture antigen binding protein: one protein--one function?
Q5_order_of_organ_loss	20017953	2009	BMC Dev Biol	Characterization of the stem cell system of the acoel Isodiametra pulchra.
Q5_order_of_organ_loss	20005557	2010	Sci Total Environ	Eco-SpaCE: an object-oriented, spatially explicit model to assess the risk of multiple environmental stressors on terrestrial vertebrate populations.
Q5_order_of_organ_loss	19738956	2009	Braz J Biol	Effects of flooding regime on the feeding activity and body condition of piscivorous fish in the Upper Paraná River floodplain.
Q5_order_of_organ_loss	19685081	2009	Oecologia	Ectomycorrhizal fungi and their enzymes in soils: is there enough evidence for their role as facultative soil saprotrophs?
Q5_order_of_organ_loss	19628361	2009	J Vasc Surg	Validation of the PIII CLI risk score for the prediction of amputation-free survival in patients undergoing infrainguinal autogenous vein bypass for critical limb ischemia.
Q5_order_of_organ_loss	19628359	2009	J Vasc Surg	Isolated femoral endarterectomy: impact of SFA TASC classification on recurrence of symptoms and need for additional intervention.
Q5_order_of_organ_loss	19566645	2009	J Integr Plant Biol	Regulation of OsSPX1 and OsSPX3 on expression of OsSPX domain genes and Pi-starvation signaling in rice.
Q5_order_of_organ_loss	19409101	2009	BMC Genomics	Genome-wide identification and characterization of cytochrome P450 monooxygenase genes in the ciliate Tetrahymena thermophila.
Q5_order_of_organ_loss	19212430	2009	ISME J	The alkaline phosphatase PhoX is more widely distributed in marine bacteria than the classical PhoA.
Q5_order_of_organ_loss	23074524	2009	Ont Health Technol Assess Ser	Pressure ulcer prevention: an evidence-based analysis.
Q5_order_of_organ_loss	18992666	2008	Ann Vasc Surg	Infrainguinal atherectomy: a retrospective review of a single-center experience.
Q5_order_of_organ_loss	18716755	2008	Theor Appl Genet	Cloning and characterization of phosphorus starvation inducible Brassica napus PURPLE ACID PHOSPHATASE 12 gene family, and imprinting of a recently evolved MITE-minisatellite twin structure.
Q5_order_of_organ_loss	18692354	2008	J Vasc Surg	Midterm outcome predictors for lower extremity atherectomy procedures.
Q5_order_of_organ_loss	17597340	2007	Curr Microbiol	Cloning and expression of an alpha-amylase gene from Phanerochaete chrysosporium.
Q5_order_of_organ_loss	17408485	2007	BMC Evol Biol	Nitrogen fixation in eukaryotes--new models for symbiosis.
Q5_order_of_organ_loss	17146688	2007	Dev Genes Evol	Free-living flatworms under the knife: past and present.
Q5_order_of_organ_loss	17111654	2006	Morfologiia	[Interconnection of morpho-functional changes at various levels of the cortical bone hierarchic organization in aging].
Q5_order_of_organ_loss	16958903	2006	FEMS Microbiol Ecol	Strategies of aerobic ammonia-oxidizing bacteria for coping with nutrient and oxygen fluctuations.
Q5_order_of_organ_loss	16919897	2006	Gene	Molecular characterization of phospholipid hydroperoxide glutathione peroxidases from Hydra vulgaris.
Q5_order_of_organ_loss	16786125	2006	Oncol Rep	Development of a self-proliferating Leydig cell line: a hyper-sensitive E-screening model.
Q5_order_of_organ_loss	16710413	2006	Nature	Evolution of an obligate social cheater to a superior cooperator.
Q5_order_of_organ_loss	16615086	2006	Bioessays	The power of regeneration and the stem-cell kingdom: freshwater planarians (Platyhelminthes).
Q5_order_of_organ_loss	16527814	2006	J Biol Chem	A metabotropic glutamate receptor family gene in Dictyostelium discoideum.
Q5_order_of_organ_loss	16467155	2006	Proc Natl Acad Sci U S A	Unraveling the complexity of flux regulation: a new method demonstrated for nutrient starvation in Saccharomyces cerevisiae.
Q5_order_of_organ_loss	16304580	2005	Eye (Lond)	Metabolic changes in malnutrition.
Q5_order_of_organ_loss	16217061	2005	Neurology	MRI as a marker for disease heterogeneity in multiple sclerosis.
Q5_order_of_organ_loss	15602573	2004	Oncogene	WIPI-1alpha (WIPI49), a member of the novel 7-bladed WIPI protein family, is aberrantly expressed in human cancer and is linked to starvation-induced autophagy.
Q5_order_of_organ_loss	15544963	2004	Comp Biochem Physiol B Biochem Mol Biol	Salmon spawning migration and muscle protein metabolism: the August Krogh principle at work.
Q5_order_of_organ_loss	15172762	2004	Neurosci Biobehav Rev	The selfish brain: competition for energy resources.
Q5_order_of_organ_loss	14984803	2004	Physiol Behav	Metabolic and endocrine consequences of social stress in a visible burrow system.
Q5_order_of_organ_loss	12523427	2002	Environ Sci Technol	Field demonstration of successful bioaugmentation to achieve dechlorination of tetrachloroethene to ethene.
Q5_order_of_organ_loss	12218974	2002	J Vasc Surg	Predictors for adverse outcome after iliac angioplasty and stenting for limb-threatening ischemia.
Q5_order_of_organ_loss	11962086	2001	Fiziol Zh (1994)	[Activity of elastase and its inhibitors in tissues of aorta and blood serum in various types of acidosis].
Q5_order_of_organ_loss	11350765	2001	Am J Physiol Endocrinol Metab	The adipocyte: a model for integration of endocrine and metabolic signaling in energy metabolism regulation.
Q5_order_of_organ_loss	10655859	1999	Ostomy Wound Manage	A comparison of an opaque foam dressing versus a transparent film dressing in the management of skin tears in institutionalized subjects.
Q5_order_of_organ_loss	9611938	1998	J Dent	A method to measure clinical erosion: the effect of orange juice consumption on erosion of enamel.
Q5_order_of_organ_loss	9097435	1997	Appl Environ Microbiol	Novel anaerobic ultramicrobacteria belonging to the Verrucomicrobiales lineage of bacterial descent isolated by dilution culture from anoxic rice paddy soil.
Q5_order_of_organ_loss	2059290	1991	Zentralbl Hyg Umweltmed	[Nutrition and individual defense--historical considerations].
